[
  {
    "model": "ecas.localidad",
    "pk": "a1b2c3d4-e5f6-47a9-b12d-cdef01234501",
    "fields": {
      "nombre": "Usaquén",
      "descripcion": "Localidad de Usaquén"
    }
  },
  {
    "model": "ecas.localidad",
    "pk": "a1b2c3d4-e5f6-47a9-b12d-cdef01234502",
    "fields": {
      "nombre": "Chapinero",
      "descripcion": "Localidad de Chapinero"
    }
  },
  {
    "model": "ecas.localidad",
    "pk": "a1b2c3d4-e5f6-47a9-b12d-cdef01234503",
    "fields": {
      "nombre": "Santa Fe",
      "descripcion": "Localidad de Santa Fe"
    }
  },
  {
    "model": "ecas.localidad",
    "pk": "a1b2c3d4-e5f6-47a9-b12d-cdef01234504",
    "fields": {
      "nombre": "San Cristóbal",
      "descripcion": "Localidad de San Cristóbal"
    }
  },
  {
    "model": "ecas.localidad",
    "pk": "a1b2c3d4-e5f6-47a9-b12d-cdef01234505",
    "fields": {
      "nombre": "Usme",
      "descripcion": "Localidad de Usme"
    }
  },
  {
    "model": "ecas.localidad",
    "pk": "a1b2c3d4-e5f6-47a9-b12d-cdef01234506",
    "fields": {
      "nombre": "Tunjuelito",
      "descripcion": "Localidad de Tunjuelito"
    }
  },
  {
    "model": "ecas.localidad",
    "pk": "a1b2c3d4-e5f6-47a9-b12d-cdef01234507",
    "fields": {
      "nombre": "Bosa",
      "descripcion": "Localidad de Bosa"
    }
  },
  {
    "model": "ecas.localidad",
    "pk": "a1b2c3d4-e5f6-47a9-b12d-cdef01234508",
    "fields": {
      "nombre": "Kennedy",
      "descripcion": "Localidad de Kennedy"
    }
  },
  {
    "model": "ecas.localidad",
    "pk": "a1b2c3d4-e5f6-47a9-b12d-cdef01234509",
    "fields": {
      "nombre": "Fontibón",
      "descripcion": "Localidad de Fontibón"
    }
  },
  {
    "model": "ecas.localidad",
    "pk": "a1b2c3d4-e5f6-47a9-b12d-cdef0123450a",
    "fields": {
      "nombre": "Engativá",
      "descripcion": "Localidad de Engativá"
    }
  },
  {
    "model": "ecas.localidad",
    "pk": "a1b2c3d4-e5f6-47a9-b12d-cdef0123450b",
    "fields": {
      "nombre": "Suba",
      "descripcion": "Localidad de Suba"
    }
  },
  {
    "model": "ecas.localidad",
    "pk": "a1b2c3d4-e5f6-47a9-b12d-cdef0123450c",
    "fields": {
      "nombre": "Barrios Unidos",
      "descripcion": "Localidad de Barrios Unidos"
    }
  },
  {
    "model": "ecas.localidad",
    "pk": "a1b2c3d4-e5f6-47a9-b12d-cdef0123450d",
    "fields": {
      "nombre": "Teusaquillo",
      "descripcion": "Localidad de Teusaquillo"
    }
  },
  {
    "model": "ecas.localidad",
    "pk": "a1b2c3d4-e5f6-47a9-b12d-cdef0123450e",
    "fields": {
      "nombre": "Los Mártires",
      "descripcion": "Localidad de Los Mártires"
    }
  },
  {
    "model": "ecas.localidad",
    "pk": "a1b2c3d4-e5f6-47a9-b12d-cdef0123450f",
    "fields": {
      "nombre": "Antonio Nariño",
      "descripcion": "Localidad de Antonio Nariño"
    }
  },
  {
    "model": "ecas.localidad",
    "pk": "a1b2c3d4-e5f6-47a9-b12d-cdef01234510",
    "fields": {
      "nombre": "Puente Aranda",
      "descripcion": "Localidad de Puente Aranda"
    }
  },
  {
    "model": "ecas.localidad",
    "pk": "a1b2c3d4-e5f6-47a9-b12d-cdef01234511",
    "fields": {
      "nombre": "La Candelaria",
      "descripcion": "Localidad de La Candelaria"
    }
  },
  {
    "model": "ecas.localidad",
    "pk": "a1b2c3d4-e5f6-47a9-b12d-cdef01234512",
    "fields": {
      "nombre": "Rafael Uribe Uribe",
      "descripcion": "Localidad de Rafael Uribe Uribe"
    }
  },
  {
    "model": "ecas.localidad",
    "pk": "a1b2c3d4-e5f6-47a9-b12d-cdef01234513",
    "fields": {
      "nombre": "Ciudad Bolívar",
      "descripcion": "Localidad de Ciudad Bolívar"
    }
  },
  {
    "model": "ecas.localidad",
    "pk": "a1b2c3d4-e5f6-47a9-b12d-cdef01234514",
    "fields": {
      "nombre": "Sumapaz",
      "descripcion": "Localidad de Sumapaz"
    }
  },
  {
    "model": "inventory.tipomaterial",
    "pk": "9643d8d3-03fd-485d-b082-df5bdba6fa0c",
    "fields": {
      "nombre": "Plástico PET",
      "descripcion": "Plástico tipo PET de botellas y envases.",
      "estado": "ACTIVO",
      "fecha_creacion": "2026-03-01T12:00:00Z",
      "fecha_modificacion": "2026-03-01T12:00:00Z"
    }
  },
  {
    "model": "inventory.tipomaterial",
    "pk": "d81329db-24fe-4821-b1be-1854766c6cc0",
    "fields": {
      "nombre": "Papel Blanco",
      "descripcion": "Papel blanco de oficina o cuadernos sin grapas.",
      "estado": "ACTIVO",
      "fecha_creacion": "2026-03-01T12:00:00Z",
      "fecha_modificacion": "2026-03-01T12:00:00Z"
    }
  },
  {
    "model": "inventory.tipomaterial",
    "pk": "d5a3bf03-402c-460c-b569-311217c1ab8e",
    "fields": {
      "nombre": "Aluminio",
      "descripcion": "Latas y otros residuos de aluminio limpios.",
      "estado": "ACTIVO",
      "fecha_creacion": "2026-03-01T12:00:00Z",
      "fecha_modificacion": "2026-03-01T12:00:00Z"
    }
  },
  {
    "model": "inventory.tipomaterial",
    "pk": "f9763c5a-97ed-11f0-a638-c4cbe12e39be",
    "fields": {
      "nombre": "Plástico",
      "descripcion": "Material polimérico reciclable usado en envases, empaques y objetos de uso común",
      "estado": "ACTIVO",
      "fecha_creacion": "2026-03-01T12:00:00Z",
      "fecha_modificacion": "2026-03-01T12:00:00Z"
    }
  },
  {
    "model": "inventory.tipomaterial",
    "pk": "f9773e0a-97ed-11f0-a638-c4cbe12e39be",
    "fields": {
      "nombre": "Papel y Cartón",
      "descripcion": "Materiales fibrosos de origen vegetal reciclables, usados en empaques y escritura",
      "estado": "ACTIVO",
      "fecha_creacion": "2026-03-01T12:00:00Z",
      "fecha_modificacion": "2026-03-01T12:00:00Z"
    }
  },
  {
    "model": "inventory.tipomaterial",
    "pk": "f9781a33-97ed-11f0-a638-c4cbe12e39be",
    "fields": {
      "nombre": "Vidrio",
      "descripcion": "Material inorgánico reciclable presente en botellas y frascos",
      "estado": "ACTIVO",
      "fecha_creacion": "2026-03-01T12:00:00Z",
      "fecha_modificacion": "2026-03-01T12:00:00Z"
    }
  },
  {
    "model": "inventory.tipomaterial",
    "pk": "f979766e-97ed-11f0-a638-c4cbe12e39be",
    "fields": {
      "nombre": "Metales",
      "descripcion": "Materiales metálicos reciclables como aluminio, acero y otros férricos",
      "estado": "ACTIVO",
      "fecha_creacion": "2026-03-01T12:00:00Z",
      "fecha_modificacion": "2026-03-01T12:00:00Z"
    }
  },
  {
    "model": "inventory.tipomaterial",
    "pk": "f97adc17-97ed-11f0-a638-c4cbe12e39be",
    "fields": {
      "nombre": "Textiles",
      "descripcion": "Materiales de fibras naturales o sintéticas reciclables y reutilizables",
      "estado": "ACTIVO",
      "fecha_creacion": "2026-03-01T12:00:00Z",
      "fecha_modificacion": "2026-03-01T12:00:00Z"
    }
  },
  {
    "model": "inventory.tipomaterial",
    "pk": "f97c035e-97ed-11f0-a638-c4cbe12e39be",
    "fields": {
      "nombre": "Madera",
      "descripcion": "Material lignocelulósico reciclable y reutilizable en muebles y embalajes",
      "estado": "ACTIVO",
      "fecha_creacion": "2026-03-01T12:00:00Z",
      "fecha_modificacion": "2026-03-01T12:00:00Z"
    }
  },
  {
    "model": "inventory.tipomaterial",
    "pk": "f97cfc41-97ed-11f0-a638-c4cbe12e39be",
    "fields": {
      "nombre": "Tetra Pak",
      "descripcion": "Envases multicapa compuestos de cartón, aluminio y plástico reciclables",
      "estado": "ACTIVO",
      "fecha_creacion": "2026-03-01T12:00:00Z",
      "fecha_modificacion": "2026-03-01T12:00:00Z"
    }
  },
  {
    "model": "inventory.tipomaterial",
    "pk": "f97e0dab-97ed-11f0-a638-c4cbe12e39be",
    "fields": {
      "nombre": "RAEE",
      "descripcion": "Residuos de aparatos eléctricos y electrónicos reciclables en puntos autorizados",
      "estado": "ACTIVO",
      "fecha_creacion": "2026-03-01T12:00:00Z",
      "fecha_modificacion": "2026-03-01T12:00:00Z"
    }
  },
  {
    "model": "inventory.tipomaterial",
    "pk": "f97f4b5d-97ed-11f0-a638-c4cbe12e39be",
    "fields": {
      "nombre": "Orgánicos",
      "descripcion": "Residuos biodegradables de origen vegetal o animal aptos para compostaje",
      "estado": "ACTIVO",
      "fecha_creacion": "2026-03-01T12:00:00Z",
      "fecha_modificacion": "2026-03-01T12:00:00Z"
    }
  },
  {
    "model": "inventory.tipomaterial",
    "pk": "f9807198-97ed-11f0-a638-c4cbe12e39be",
    "fields": {
      "nombre": "Especiales",
      "descripcion": "Residuos de manejo especial como llantas y aceites usados",
      "estado": "ACTIVO",
      "fecha_creacion": "2026-03-01T12:00:00Z",
      "fecha_modificacion": "2026-03-01T12:00:00Z"
    }
  },
  {
    "model": "inventory.categoriamaterial",
    "pk": "0bf0c497-64bd-4e9d-8e61-d97477bbaf01",
    "fields": {
      "nombre": "Envases Plásticos",
      "descripcion": "Residuos de envases plásticos como botellas y empaques domésticos.",
      "estado": "ACTIVO",
      "fecha_creacion": "2026-03-01T12:00:00Z",
      "fecha_modificacion": "2026-03-01T12:00:00Z"
    }
  },
  {
    "model": "inventory.categoriamaterial",
    "pk": "afd61604-1bb0-4382-96e8-71cb6acfd572",
    "fields": {
      "nombre": "Papel y Cartón",
      "descripcion": "Residuos de papel y cartón limpios y secos, aptos para reciclaje.",
      "estado": "ACTIVO",
      "fecha_creacion": "2026-03-01T12:00:00Z",
      "fecha_modificacion": "2026-03-01T12:00:00Z"
    }
  },
  {
    "model": "inventory.categoriamaterial",
    "pk": "d3ab111a-4860-4438-b72c-3f793b5ff6c4",
    "fields": {
      "nombre": "Metales",
      "descripcion": "Latas, chatarra liviana y otros metales reciclables.",
      "estado": "ACTIVO",
      "fecha_creacion": "2026-03-01T12:00:00Z",
      "fecha_modificacion": "2026-03-01T12:00:00Z"
    }
  },
  {
    "model": "inventory.categoriamaterial",
    "pk": "f84d371e-97ed-11f0-a638-c4cbe12e39be",
    "fields": {
      "nombre": "PET",
      "descripcion": "Polietileno tereftalato, usado en botellas y envases",
      "estado": "ACTIVO",
      "fecha_creacion": "2026-03-01T12:00:00Z",
      "fecha_modificacion": "2026-03-01T12:00:00Z"
    }
  },
  {
    "model": "inventory.categoriamaterial",
    "pk": "f9558dd5-97ed-11f0-a638-c4cbe12e39be",
    "fields": {
      "nombre": "PEAD (HDPE)",
      "descripcion": "Polietileno de alta densidad, usado en envases de limpieza y garrafas",
      "estado": "ACTIVO",
      "fecha_creacion": "2026-03-01T12:00:00Z",
      "fecha_modificacion": "2026-03-01T12:00:00Z"
    }
  },
  {
    "model": "inventory.categoriamaterial",
    "pk": "f956eeb1-97ed-11f0-a638-c4cbe12e39be",
    "fields": {
      "nombre": "PVC",
      "descripcion": "Policloruro de vinilo, usado en tuberías y perfiles",
      "estado": "ACTIVO",
      "fecha_creacion": "2026-03-01T12:00:00Z",
      "fecha_modificacion": "2026-03-01T12:00:00Z"
    }
  },
  {
    "model": "inventory.categoriamaterial",
    "pk": "f9580b3b-97ed-11f0-a638-c4cbe12e39be",
    "fields": {
      "nombre": "PEBD (LDPE)",
      "descripcion": "Polietileno de baja densidad, usado en bolsas y films",
      "estado": "ACTIVO",
      "fecha_creacion": "2026-03-01T12:00:00Z",
      "fecha_modificacion": "2026-03-01T12:00:00Z"
    }
  },
  {
    "model": "inventory.categoriamaterial",
    "pk": "f9592284-97ed-11f0-a638-c4cbe12e39be",
    "fields": {
      "nombre": "PP",
      "descripcion": "Polipropileno, usado en tapas, envases de yogur y salsas",
      "estado": "ACTIVO",
      "fecha_creacion": "2026-03-01T12:00:00Z",
      "fecha_modificacion": "2026-03-01T12:00:00Z"
    }
  },
  {
    "model": "inventory.categoriamaterial",
    "pk": "f95a0f6a-97ed-11f0-a638-c4cbe12e39be",
    "fields": {
      "nombre": "PS",
      "descripcion": "Poliestireno, incluye icopor y empaques",
      "estado": "ACTIVO",
      "fecha_creacion": "2026-03-01T12:00:00Z",
      "fecha_modificacion": "2026-03-01T12:00:00Z"
    }
  },
  {
    "model": "inventory.categoriamaterial",
    "pk": "f95afc66-97ed-11f0-a638-c4cbe12e39be",
    "fields": {
      "nombre": "Otros Plásticos",
      "descripcion": "Otros polímeros no comunes en reciclaje",
      "estado": "ACTIVO",
      "fecha_creacion": "2026-03-01T12:00:00Z",
      "fecha_modificacion": "2026-03-01T12:00:00Z"
    }
  },
  {
    "model": "inventory.categoriamaterial",
    "pk": "f95c182a-97ed-11f0-a638-c4cbe12e39be",
    "fields": {
      "nombre": "Cartón corrugado",
      "descripcion": "Cajas corrugadas para embalaje",
      "estado": "ACTIVO",
      "fecha_creacion": "2026-03-01T12:00:00Z",
      "fecha_modificacion": "2026-03-01T12:00:00Z"
    }
  },
  {
    "model": "inventory.categoriamaterial",
    "pk": "f95da2f4-97ed-11f0-a638-c4cbe12e39be",
    "fields": {
      "nombre": "Cartón plegadizo",
      "descripcion": "Empaques de cartón delgado",
      "estado": "ACTIVO",
      "fecha_creacion": "2026-03-01T12:00:00Z",
      "fecha_modificacion": "2026-03-01T12:00:00Z"
    }
  },
  {
    "model": "inventory.categoriamaterial",
    "pk": "f95ed27b-97ed-11f0-a638-c4cbe12e39be",
    "fields": {
      "nombre": "Papel periódico",
      "descripcion": "Papel prensa, limpio y seco",
      "estado": "ACTIVO",
      "fecha_creacion": "2026-03-01T12:00:00Z",
      "fecha_modificacion": "2026-03-01T12:00:00Z"
    }
  },
  {
    "model": "inventory.categoriamaterial",
    "pk": "f95fb892-97ed-11f0-a638-c4cbe12e39be",
    "fields": {
      "nombre": "Papel blanco (bond)",
      "descripcion": "Hojas blancas de oficina",
      "estado": "ACTIVO",
      "fecha_creacion": "2026-03-01T12:00:00Z",
      "fecha_modificacion": "2026-03-01T12:00:00Z"
    }
  },
  {
    "model": "inventory.categoriamaterial",
    "pk": "f960a77b-97ed-11f0-a638-c4cbe12e39be",
    "fields": {
      "nombre": "Revistas/mixtos",
      "descripcion": "Revistas, catálogos y papeles mixtos",
      "estado": "ACTIVO",
      "fecha_creacion": "2026-03-01T12:00:00Z",
      "fecha_modificacion": "2026-03-01T12:00:00Z"
    }
  },
  {
    "model": "inventory.categoriamaterial",
    "pk": "f961bf79-97ed-11f0-a638-c4cbe12e39be",
    "fields": {
      "nombre": "Transparente",
      "descripcion": "Vidrio incoloro reciclable",
      "estado": "ACTIVO",
      "fecha_creacion": "2026-03-01T12:00:00Z",
      "fecha_modificacion": "2026-03-01T12:00:00Z"
    }
  },
  {
    "model": "inventory.categoriamaterial",
    "pk": "f962a2e6-97ed-11f0-a638-c4cbe12e39be",
    "fields": {
      "nombre": "Ámbar",
      "descripcion": "Vidrio color ámbar usado en botellas",
      "estado": "ACTIVO",
      "fecha_creacion": "2026-03-01T12:00:00Z",
      "fecha_modificacion": "2026-03-01T12:00:00Z"
    }
  },
  {
    "model": "inventory.categoriamaterial",
    "pk": "f96444cd-97ed-11f0-a638-c4cbe12e39be",
    "fields": {
      "nombre": "Verde",
      "descripcion": "Vidrio verde reciclable",
      "estado": "ACTIVO",
      "fecha_creacion": "2026-03-01T12:00:00Z",
      "fecha_modificacion": "2026-03-01T12:00:00Z"
    }
  },
  {
    "model": "inventory.categoriamaterial",
    "pk": "f965ddd7-97ed-11f0-a638-c4cbe12e39be",
    "fields": {
      "nombre": "Aluminio",
      "descripcion": "Latas y envases de aluminio reciclables",
      "estado": "ACTIVO",
      "fecha_creacion": "2026-03-01T12:00:00Z",
      "fecha_modificacion": "2026-03-01T12:00:00Z"
    }
  },
  {
    "model": "inventory.categoriamaterial",
    "pk": "f966bbeb-97ed-11f0-a638-c4cbe12e39be",
    "fields": {
      "nombre": "Acero/Hojalata",
      "descripcion": "Latas de conservas y envases de hojalata",
      "estado": "ACTIVO",
      "fecha_creacion": "2026-03-01T12:00:00Z",
      "fecha_modificacion": "2026-03-01T12:00:00Z"
    }
  },
  {
    "model": "inventory.categoriamaterial",
    "pk": "f967a7ed-97ed-11f0-a638-c4cbe12e39be",
    "fields": {
      "nombre": "Chatarra férrica",
      "descripcion": "Residuos metálicos férricos",
      "estado": "ACTIVO",
      "fecha_creacion": "2026-03-01T12:00:00Z",
      "fecha_modificacion": "2026-03-01T12:00:00Z"
    }
  },
  {
    "model": "inventory.categoriamaterial",
    "pk": "f9688235-97ed-11f0-a638-c4cbe12e39be",
    "fields": {
      "nombre": "Algodón",
      "descripcion": "Textiles de fibra natural reciclables",
      "estado": "ACTIVO",
      "fecha_creacion": "2026-03-01T12:00:00Z",
      "fecha_modificacion": "2026-03-01T12:00:00Z"
    }
  },
  {
    "model": "inventory.categoriamaterial",
    "pk": "f9697461-97ed-11f0-a638-c4cbe12e39be",
    "fields": {
      "nombre": "Poliéster",
      "descripcion": "Textiles de fibra sintética reciclables",
      "estado": "ACTIVO",
      "fecha_creacion": "2026-03-01T12:00:00Z",
      "fecha_modificacion": "2026-03-01T12:00:00Z"
    }
  },
  {
    "model": "inventory.categoriamaterial",
    "pk": "f96a5212-97ed-11f0-a638-c4cbe12e39be",
    "fields": {
      "nombre": "Mezcla (mixtos)",
      "descripcion": "Combinación de fibras textiles",
      "estado": "ACTIVO",
      "fecha_creacion": "2026-03-01T12:00:00Z",
      "fecha_modificacion": "2026-03-01T12:00:00Z"
    }
  },
  {
    "model": "inventory.categoriamaterial",
    "pk": "f96b3c02-97ed-11f0-a638-c4cbe12e39be",
    "fields": {
      "nombre": "Pallets",
      "descripcion": "Pallets de madera reutilizables o reciclables",
      "estado": "ACTIVO",
      "fecha_creacion": "2026-03-01T12:00:00Z",
      "fecha_modificacion": "2026-03-01T12:00:00Z"
    }
  },
  {
    "model": "inventory.categoriamaterial",
    "pk": "f96c3c45-97ed-11f0-a638-c4cbe12e39be",
    "fields": {
      "nombre": "Aglomerado/MDF",
      "descripcion": "Tableros de aglomerado o MDF reciclables",
      "estado": "ACTIVO",
      "fecha_creacion": "2026-03-01T12:00:00Z",
      "fecha_modificacion": "2026-03-01T12:00:00Z"
    }
  },
  {
    "model": "inventory.categoriamaterial",
    "pk": "f96d0928-97ed-11f0-a638-c4cbe12e39be",
    "fields": {
      "nombre": "Envase multicapa",
      "descripcion": "Envases Tetra Pak reciclables",
      "estado": "ACTIVO",
      "fecha_creacion": "2026-03-01T12:00:00Z",
      "fecha_modificacion": "2026-03-01T12:00:00Z"
    }
  },
  {
    "model": "inventory.categoriamaterial",
    "pk": "f96e14db-97ed-11f0-a638-c4cbe12e39be",
    "fields": {
      "nombre": "Pequeños aparatos",
      "descripcion": "Electrodomésticos pequeños fuera de uso",
      "estado": "ACTIVO",
      "fecha_creacion": "2026-03-01T12:00:00Z",
      "fecha_modificacion": "2026-03-01T12:00:00Z"
    }
  },
  {
    "model": "inventory.categoriamaterial",
    "pk": "f96f35ac-97ed-11f0-a638-c4cbe12e39be",
    "fields": {
      "nombre": "Grandes aparatos",
      "descripcion": "Electrodomésticos grandes fuera de uso",
      "estado": "ACTIVO",
      "fecha_creacion": "2026-03-01T12:00:00Z",
      "fecha_modificacion": "2026-03-01T12:00:00Z"
    }
  },
  {
    "model": "inventory.categoriamaterial",
    "pk": "f9701a17-97ed-11f0-a638-c4cbe12e39be",
    "fields": {
      "nombre": "Periféricos/Accesorios",
      "descripcion": "Accesorios electrónicos como teclados, ratones, cables",
      "estado": "ACTIVO",
      "fecha_creacion": "2026-03-01T12:00:00Z",
      "fecha_modificacion": "2026-03-01T12:00:00Z"
    }
  },
  {
    "model": "inventory.categoriamaterial",
    "pk": "f9711af7-97ed-11f0-a638-c4cbe12e39be",
    "fields": {
      "nombre": "Pilas/Baterías",
      "descripcion": "Pilas y baterías de diferentes tipos",
      "estado": "ACTIVO",
      "fecha_creacion": "2026-03-01T12:00:00Z",
      "fecha_modificacion": "2026-03-01T12:00:00Z"
    }
  },
  {
    "model": "inventory.categoriamaterial",
    "pk": "f972aad0-97ed-11f0-a638-c4cbe12e39be",
    "fields": {
      "nombre": "Compostables",
      "descripcion": "Residuos biodegradables para compostaje",
      "estado": "ACTIVO",
      "fecha_creacion": "2026-03-01T12:00:00Z",
      "fecha_modificacion": "2026-03-01T12:00:00Z"
    }
  },
  {
    "model": "inventory.categoriamaterial",
    "pk": "f9738c79-97ed-11f0-a638-c4cbe12e39be",
    "fields": {
      "nombre": "Aceite de cocina usado",
      "descripcion": "Aceite usado que requiere gestión especial",
      "estado": "ACTIVO",
      "fecha_creacion": "2026-03-01T12:00:00Z",
      "fecha_modificacion": "2026-03-01T12:00:00Z"
    }
  },
  {
    "model": "inventory.categoriamaterial",
    "pk": "f9751f8a-97ed-11f0-a638-c4cbe12e39be",
    "fields": {
      "nombre": "Llantas",
      "descripcion": "Neumáticos y llantas usadas reciclables",
      "estado": "ACTIVO",
      "fecha_creacion": "2026-03-01T12:00:00Z",
      "fecha_modificacion": "2026-03-01T12:00:00Z"
    }
  },
  {
    "model": "inventory.material",
    "pk": "90d4c292-a02c-447c-ab80-ed13b931ccde",
    "fields": {
      "nombre": "Botellas PET transparentes",
      "descripcion": "Botellas y envases PET transparentes, enjuagados y sin tapa.",
      "imagen_url": "",
      "categoria": "0bf0c497-64bd-4e9d-8e61-d97477bbaf01",
      "tipo": "9643d8d3-03fd-485d-b082-df5bdba6fa0c",
      "estado": "ACTIVO",
      "fecha_creacion": "2026-03-01T12:00:00Z",
      "fecha_modificacion": "2026-03-01T12:00:00Z"
    }
  },
  {
    "model": "inventory.material",
    "pk": "baa7d539-1662-454d-a25d-e48bb6e1b27e",
    "fields": {
      "nombre": "Papel de oficina blanco",
      "descripcion": "Hojas y resmas de papel blanco, sin clips ni anillos metálicos.",
      "imagen_url": "",
      "categoria": "afd61604-1bb0-4382-96e8-71cb6acfd572",
      "tipo": "d81329db-24fe-4821-b1be-1854766c6cc0",
      "estado": "ACTIVO",
      "fecha_creacion": "2026-03-01T12:00:00Z",
      "fecha_modificacion": "2026-03-01T12:00:00Z"
    }
  },
  {
    "model": "inventory.material",
    "pk": "68aaf633-d250-4346-a780-5bd3ead7f0b4",
    "fields": {
      "nombre": "Latas de bebida de aluminio",
      "descripcion": "Latas de bebidas y alimentos, limpias y aplastadas.",
      "imagen_url": "",
      "categoria": "d3ab111a-4860-4438-b72c-3f793b5ff6c4",
      "tipo": "d5a3bf03-402c-460c-b569-311217c1ab8e",
      "estado": "ACTIVO",
      "fecha_creacion": "2026-03-01T12:00:00Z",
      "fecha_modificacion": "2026-03-01T12:00:00Z"
    }
  },
  {
    "model": "inventory.material",
    "pk": "0199750c-af0e-70ef-b951-c581b4fe7d96",
    "fields": {
      "nombre": "Cartón Mojado con Paja",
      "descripcion": "Cartón mojado con contenido de paja",
      "imagen_url": "",
      "categoria": "f95c182a-97ed-11f0-a638-c4cbe12e39be",
      "tipo": "f9773e0a-97ed-11f0-a638-c4cbe12e39be",
      "estado": "ACTIVO",
      "fecha_creacion": "2026-03-01T12:00:00Z",
      "fecha_modificacion": "2026-03-01T12:00:00Z"
    }
  },
  {
    "model": "inventory.material",
    "pk": "f981963d-97ed-11f0-a638-c4cbe12e39be",
    "fields": {
      "nombre": "Botella PET transparente",
      "descripcion": "Botella PET clara, enjuagada y sin etiqueta",
      "imagen_url": "",
      "categoria": "f84d371e-97ed-11f0-a638-c4cbe12e39be",
      "tipo": "f9763c5a-97ed-11f0-a638-c4cbe12e39be",
      "estado": "ACTIVO",
      "fecha_creacion": "2026-03-01T12:00:00Z",
      "fecha_modificacion": "2026-03-01T12:00:00Z"
    }
  },
  {
    "model": "inventory.material",
    "pk": "f984cdf5-97ed-11f0-a638-c4cbe12e39be",
    "fields": {
      "nombre": "Botella PET verde",
      "descripcion": "Botella PET verde, limpia y seca",
      "imagen_url": "",
      "categoria": "f84d371e-97ed-11f0-a638-c4cbe12e39be",
      "tipo": "f9763c5a-97ed-11f0-a638-c4cbe12e39be",
      "estado": "ACTIVO",
      "fecha_creacion": "2026-03-01T12:00:00Z",
      "fecha_modificacion": "2026-03-01T12:00:00Z"
    }
  },
  {
    "model": "inventory.material",
    "pk": "f986ae09-97ed-11f0-a638-c4cbe12e39be",
    "fields": {
      "nombre": "Envase HDPE (detergente)",
      "descripcion": "Envase PEAD/HDPE de limpieza, sin residuos",
      "imagen_url": "",
      "categoria": "f9558dd5-97ed-11f0-a638-c4cbe12e39be",
      "tipo": "f9763c5a-97ed-11f0-a638-c4cbe12e39be",
      "estado": "ACTIVO",
      "fecha_creacion": "2026-03-01T12:00:00Z",
      "fecha_modificacion": "2026-03-01T12:00:00Z"
    }
  },
  {
    "model": "inventory.material",
    "pk": "f98977b1-97ed-11f0-a638-c4cbe12e39be",
    "fields": {
      "nombre": "Garrafa HDPE",
      "descripcion": "Garrafa de PEAD (aceite, agua), enjuagada",
      "imagen_url": "",
      "categoria": "f9558dd5-97ed-11f0-a638-c4cbe12e39be",
      "tipo": "f9763c5a-97ed-11f0-a638-c4cbe12e39be",
      "estado": "ACTIVO",
      "fecha_creacion": "2026-03-01T12:00:00Z",
      "fecha_modificacion": "2026-03-01T12:00:00Z"
    }
  },
  {
    "model": "inventory.material",
    "pk": "f98b672f-97ed-11f0-a638-c4cbe12e39be",
    "fields": {
      "nombre": "Bolsa LDPE",
      "descripcion": "Bolsa plástica flexible limpia (PEBD/LDPE)",
      "imagen_url": "",
      "categoria": "f9580b3b-97ed-11f0-a638-c4cbe12e39be",
      "tipo": "f9763c5a-97ed-11f0-a638-c4cbe12e39be",
      "estado": "ACTIVO",
      "fecha_creacion": "2026-03-01T12:00:00Z",
      "fecha_modificacion": "2026-03-01T12:00:00Z"
    }
  },
  {
    "model": "inventory.material",
    "pk": "f98cf80c-97ed-11f0-a638-c4cbe12e39be",
    "fields": {
      "nombre": "Film stretch LDPE",
      "descripcion": "Plástico film estirable limpio",
      "imagen_url": "",
      "categoria": "f9580b3b-97ed-11f0-a638-c4cbe12e39be",
      "tipo": "f9763c5a-97ed-11f0-a638-c4cbe12e39be",
      "estado": "ACTIVO",
      "fecha_creacion": "2026-03-01T12:00:00Z",
      "fecha_modificacion": "2026-03-01T12:00:00Z"
    }
  },
  {
    "model": "inventory.material",
    "pk": "f98fb86d-97ed-11f0-a638-c4cbe12e39be",
    "fields": {
      "nombre": "Tapa PP",
      "descripcion": "Tapa de envase de polipropileno",
      "imagen_url": "",
      "categoria": "f9592284-97ed-11f0-a638-c4cbe12e39be",
      "tipo": "f9763c5a-97ed-11f0-a638-c4cbe12e39be",
      "estado": "ACTIVO",
      "fecha_creacion": "2026-03-01T12:00:00Z",
      "fecha_modificacion": "2026-03-01T12:00:00Z"
    }
  },
  {
    "model": "inventory.material",
    "pk": "f991a139-97ed-11f0-a638-c4cbe12e39be",
    "fields": {
      "nombre": "Envase PP alimentos",
      "descripcion": "Envase de PP (yogur, salsas), limpio",
      "imagen_url": "",
      "categoria": "f9592284-97ed-11f0-a638-c4cbe12e39be",
      "tipo": "f9763c5a-97ed-11f0-a638-c4cbe12e39be",
      "estado": "ACTIVO",
      "fecha_creacion": "2026-03-01T12:00:00Z",
      "fecha_modificacion": "2026-03-01T12:00:00Z"
    }
  },
  {
    "model": "inventory.material",
    "pk": "f9936cc7-97ed-11f0-a638-c4cbe12e39be",
    "fields": {
      "nombre": "Icopor (PS expandido)",
      "descripcion": "Bandejas o vasos de PS limpio (según gestor)",
      "imagen_url": "",
      "categoria": "f95a0f6a-97ed-11f0-a638-c4cbe12e39be",
      "tipo": "f9763c5a-97ed-11f0-a638-c4cbe12e39be",
      "estado": "ACTIVO",
      "fecha_creacion": "2026-03-01T12:00:00Z",
      "fecha_modificacion": "2026-03-01T12:00:00Z"
    }
  },
  {
    "model": "inventory.material",
    "pk": "f99525aa-97ed-11f0-a638-c4cbe12e39be",
    "fields": {
      "nombre": "Tubos PVC",
      "descripcion": "Retales de PVC limpios (sin contaminantes)",
      "imagen_url": "",
      "categoria": "f956eeb1-97ed-11f0-a638-c4cbe12e39be",
      "tipo": "f9763c5a-97ed-11f0-a638-c4cbe12e39be",
      "estado": "ACTIVO",
      "fecha_creacion": "2026-03-01T12:00:00Z",
      "fecha_modificacion": "2026-03-01T12:00:00Z"
    }
  },
  {
    "model": "inventory.material",
    "pk": "f997041b-97ed-11f0-a638-c4cbe12e39be",
    "fields": {
      "nombre": "Cartón",
      "descripcion": "Cajas plegadas, limpias y secas",
      "imagen_url": "",
      "categoria": "f95c182a-97ed-11f0-a638-c4cbe12e39be",
      "tipo": "f9773e0a-97ed-11f0-a638-c4cbe12e39be",
      "estado": "ACTIVO",
      "fecha_creacion": "2026-03-01T12:00:00Z",
      "fecha_modificacion": "2026-03-01T12:00:00Z"
    }
  },
  {
    "model": "inventory.material",
    "pk": "f998f2d9-97ed-11f0-a638-c4cbe12e39be",
    "fields": {
      "nombre": "Cartulina plegadizo",
      "descripcion": "Empaques de cartón delgado, sin grasa",
      "imagen_url": "",
      "categoria": "f95da2f4-97ed-11f0-a638-c4cbe12e39be",
      "tipo": "f9773e0a-97ed-11f0-a638-c4cbe12e39be",
      "estado": "ACTIVO",
      "fecha_creacion": "2026-03-01T12:00:00Z",
      "fecha_modificacion": "2026-03-01T12:00:00Z"
    }
  },
  {
    "model": "inventory.material",
    "pk": "f99b35bd-97ed-11f0-a638-c4cbe12e39be",
    "fields": {
      "nombre": "Papel periódico",
      "descripcion": "Papel periódico limpio y seco",
      "imagen_url": "",
      "categoria": "f95ed27b-97ed-11f0-a638-c4cbe12e39be",
      "tipo": "f9773e0a-97ed-11f0-a638-c4cbe12e39be",
      "estado": "ACTIVO",
      "fecha_creacion": "2026-03-01T12:00:00Z",
      "fecha_modificacion": "2026-03-01T12:00:00Z"
    }
  },
  {
    "model": "inventory.material",
    "pk": "f99d329a-97ed-11f0-a638-c4cbe12e39be",
    "fields": {
      "nombre": "Papel bond blanco",
      "descripcion": "Hojas blancas (sin clips, sin espiral)",
      "imagen_url": "",
      "categoria": "f95fb892-97ed-11f0-a638-c4cbe12e39be",
      "tipo": "f9773e0a-97ed-11f0-a638-c4cbe12e39be",
      "estado": "ACTIVO",
      "fecha_creacion": "2026-03-01T12:00:00Z",
      "fecha_modificacion": "2026-03-01T12:00:00Z"
    }
  },
  {
    "model": "inventory.material",
    "pk": "f99f5353-97ed-11f0-a638-c4cbe12e39be",
    "fields": {
      "nombre": "Revistas y mixtos",
      "descripcion": "Revistas, catálogos (sin plastificar excesivo)",
      "imagen_url": "",
      "categoria": "f960a77b-97ed-11f0-a638-c4cbe12e39be",
      "tipo": "f9773e0a-97ed-11f0-a638-c4cbe12e39be",
      "estado": "ACTIVO",
      "fecha_creacion": "2026-03-01T12:00:00Z",
      "fecha_modificacion": "2026-03-01T12:00:00Z"
    }
  },
  {
    "model": "inventory.material",
    "pk": "f9a13a49-97ed-11f0-a638-c4cbe12e39be",
    "fields": {
      "nombre": "Frasco vidrio transparente",
      "descripcion": "Frascos/botellas claras, sin tapa, limpios",
      "imagen_url": "",
      "categoria": "f961bf79-97ed-11f0-a638-c4cbe12e39be",
      "tipo": "f9781a33-97ed-11f0-a638-c4cbe12e39be",
      "estado": "ACTIVO",
      "fecha_creacion": "2026-03-01T12:00:00Z",
      "fecha_modificacion": "2026-03-01T12:00:00Z"
    }
  },
  {
    "model": "inventory.material",
    "pk": "f9a254a7-97ed-11f0-a638-c4cbe12e39be",
    "fields": {
      "nombre": "Frasco vidrio ámbar",
      "descripcion": "Envases color ámbar, limpios",
      "imagen_url": "",
      "categoria": "f962a2e6-97ed-11f0-a638-c4cbe12e39be",
      "tipo": "f9781a33-97ed-11f0-a638-c4cbe12e39be",
      "estado": "ACTIVO",
      "fecha_creacion": "2026-03-01T12:00:00Z",
      "fecha_modificacion": "2026-03-01T12:00:00Z"
    }
  },
  {
    "model": "inventory.material",
    "pk": "f9a46885-97ed-11f0-a638-c4cbe12e39be",
    "fields": {
      "nombre": "Frasco vidrio verde",
      "descripcion": "Botellas/ frascos verdes, limpios",
      "imagen_url": "",
      "categoria": "f96444cd-97ed-11f0-a638-c4cbe12e39be",
      "tipo": "f9781a33-97ed-11f0-a638-c4cbe12e39be",
      "estado": "ACTIVO",
      "fecha_creacion": "2026-03-01T12:00:00Z",
      "fecha_modificacion": "2026-03-01T12:00:00Z"
    }
  },
  {
    "model": "inventory.material",
    "pk": "f9a60de0-97ed-11f0-a638-c4cbe12e39be",
    "fields": {
      "nombre": "Lata de aluminio",
      "descripcion": "Latas de bebidas aplastadas y limpias",
      "imagen_url": "",
      "categoria": "f965ddd7-97ed-11f0-a638-c4cbe12e39be",
      "tipo": "f979766e-97ed-11f0-a638-c4cbe12e39be",
      "estado": "ACTIVO",
      "fecha_creacion": "2026-03-01T12:00:00Z",
      "fecha_modificacion": "2026-03-01T12:00:00Z"
    }
  },
  {
    "model": "inventory.material",
    "pk": "f9a7b726-97ed-11f0-a638-c4cbe12e39be",
    "fields": {
      "nombre": "Lata de acero/hojalata",
      "descripcion": "Conservas, alimentos; limpias",
      "imagen_url": "",
      "categoria": "f966bbeb-97ed-11f0-a638-c4cbe12e39be",
      "tipo": "f979766e-97ed-11f0-a638-c4cbe12e39be",
      "estado": "ACTIVO",
      "fecha_creacion": "2026-03-01T12:00:00Z",
      "fecha_modificacion": "2026-03-01T12:00:00Z"
    }
  },
  {
    "model": "inventory.material",
    "pk": "f9a98c0e-97ed-11f0-a638-c4cbe12e39be",
    "fields": {
      "nombre": "Chatarra férrica",
      "descripcion": "Recortes y piezas ferrosas",
      "imagen_url": "",
      "categoria": "f967a7ed-97ed-11f0-a638-c4cbe12e39be",
      "tipo": "f979766e-97ed-11f0-a638-c4cbe12e39be",
      "estado": "ACTIVO",
      "fecha_creacion": "2026-03-01T12:00:00Z",
      "fecha_modificacion": "2026-03-01T12:00:00Z"
    }
  },
  {
    "model": "inventory.material",
    "pk": "f9ac1263-97ed-11f0-a638-c4cbe12e39be",
    "fields": {
      "nombre": "Envase Tetra Pak",
      "descripcion": "Cajas de leche/jugos, enjuagadas y plegadas",
      "imagen_url": "",
      "categoria": "f96d0928-97ed-11f0-a638-c4cbe12e39be",
      "tipo": "f97cfc41-97ed-11f0-a638-c4cbe12e39be",
      "estado": "ACTIVO",
      "fecha_creacion": "2026-03-01T12:00:00Z",
      "fecha_modificacion": "2026-03-01T12:00:00Z"
    }
  },
  {
    "model": "inventory.material",
    "pk": "f9ad35d5-97ed-11f0-a638-c4cbe12e39be",
    "fields": {
      "nombre": "Ropa de algodón",
      "descripcion": "Textil de algodón reutilizable o reciclable",
      "imagen_url": "",
      "categoria": "f9688235-97ed-11f0-a638-c4cbe12e39be",
      "tipo": "f97adc17-97ed-11f0-a638-c4cbe12e39be",
      "estado": "ACTIVO",
      "fecha_creacion": "2026-03-01T12:00:00Z",
      "fecha_modificacion": "2026-03-01T12:00:00Z"
    }
  },
  {
    "model": "inventory.material",
    "pk": "f9af1eb4-97ed-11f0-a638-c4cbe12e39be",
    "fields": {
      "nombre": "Ropa de poliéster",
      "descripcion": "Textil sintético para valorización",
      "imagen_url": "",
      "categoria": "f9697461-97ed-11f0-a638-c4cbe12e39be",
      "tipo": "f97adc17-97ed-11f0-a638-c4cbe12e39be",
      "estado": "ACTIVO",
      "fecha_creacion": "2026-03-01T12:00:00Z",
      "fecha_modificacion": "2026-03-01T12:00:00Z"
    }
  },
  {
    "model": "inventory.material",
    "pk": "f9b0f71a-97ed-11f0-a638-c4cbe12e39be",
    "fields": {
      "nombre": "Mezclas textiles",
      "descripcion": "Algodón/poliéster u otras mezclas",
      "imagen_url": "",
      "categoria": "f96a5212-97ed-11f0-a638-c4cbe12e39be",
      "tipo": "f97adc17-97ed-11f0-a638-c4cbe12e39be",
      "estado": "ACTIVO",
      "fecha_creacion": "2026-03-01T12:00:00Z",
      "fecha_modificacion": "2026-03-01T12:00:00Z"
    }
  },
  {
    "model": "inventory.material",
    "pk": "f9b2baa3-97ed-11f0-a638-c4cbe12e39be",
    "fields": {
      "nombre": "Pallet de madera",
      "descripcion": "Pallets en buen estado para reuso/reciclaje",
      "imagen_url": "",
      "categoria": "f96b3c02-97ed-11f0-a638-c4cbe12e39be",
      "tipo": "f97c035e-97ed-11f0-a638-c4cbe12e39be",
      "estado": "ACTIVO",
      "fecha_creacion": "2026-03-01T12:00:00Z",
      "fecha_modificacion": "2026-03-01T12:00:00Z"
    }
  },
  {
    "model": "inventory.material",
    "pk": "f9b40f8d-97ed-11f0-a638-c4cbe12e39be",
    "fields": {
      "nombre": "MDF/Aglomerado",
      "descripcion": "Retales de aglomerado o MDF",
      "imagen_url": "",
      "categoria": "f96c3c45-97ed-11f0-a638-c4cbe12e39be",
      "tipo": "f97c035e-97ed-11f0-a638-c4cbe12e39be",
      "estado": "ACTIVO",
      "fecha_creacion": "2026-03-01T12:00:00Z",
      "fecha_modificacion": "2026-03-01T12:00:00Z"
    }
  },
  {
    "model": "inventory.material",
    "pk": "f9b57372-97ed-11f0-a638-c4cbe12e39be",
    "fields": {
      "nombre": "Celular en desuso",
      "descripcion": "Teléfonos para disposición en puntos RAEE",
      "imagen_url": "",
      "categoria": "f96e14db-97ed-11f0-a638-c4cbe12e39be",
      "tipo": "f97e0dab-97ed-11f0-a638-c4cbe12e39be",
      "estado": "ACTIVO",
      "fecha_creacion": "2026-03-01T12:00:00Z",
      "fecha_modificacion": "2026-03-01T12:00:00Z"
    }
  },
  {
    "model": "inventory.material",
    "pk": "f9b801e1-97ed-11f0-a638-c4cbe12e39be",
    "fields": {
      "nombre": "Teclado/Mouse",
      "descripcion": "Periféricos y accesorios electrónicos",
      "imagen_url": "",
      "categoria": "f9701a17-97ed-11f0-a638-c4cbe12e39be",
      "tipo": "f97e0dab-97ed-11f0-a638-c4cbe12e39be",
      "estado": "ACTIVO",
      "fecha_creacion": "2026-03-01T12:00:00Z",
      "fecha_modificacion": "2026-03-01T12:00:00Z"
    }
  },
  {
    "model": "inventory.material",
    "pk": "f9ba4657-97ed-11f0-a638-c4cbe12e39be",
    "fields": {
      "nombre": "Cargadores y cables",
      "descripcion": "Cables, cargadores y adaptadores",
      "imagen_url": "",
      "categoria": "f9701a17-97ed-11f0-a638-c4cbe12e39be",
      "tipo": "f97e0dab-97ed-11f0-a638-c4cbe12e39be",
      "estado": "ACTIVO",
      "fecha_creacion": "2026-03-01T12:00:00Z",
      "fecha_modificacion": "2026-03-01T12:00:00Z"
    }
  },
  {
    "model": "inventory.material",
    "pk": "f9bc2c94-97ed-11f0-a638-c4cbe12e39be",
    "fields": {
      "nombre": "Laptop dañada",
      "descripcion": "Computadores portátiles fuera de uso",
      "imagen_url": "",
      "categoria": "f96f35ac-97ed-11f0-a638-c4cbe12e39be",
      "tipo": "f97e0dab-97ed-11f0-a638-c4cbe12e39be",
      "estado": "ACTIVO",
      "fecha_creacion": "2026-03-01T12:00:00Z",
      "fecha_modificacion": "2026-03-01T12:00:00Z"
    }
  },
  {
    "model": "inventory.material",
    "pk": "f9be6e57-97ed-11f0-a638-c4cbe12e39be",
    "fields": {
      "nombre": "Pilas AA/AAA",
      "descripcion": "Pilas para puntos posconsumo autorizados",
      "imagen_url": "",
      "categoria": "f9711af7-97ed-11f0-a638-c4cbe12e39be",
      "tipo": "f97e0dab-97ed-11f0-a638-c4cbe12e39be",
      "estado": "ACTIVO",
      "fecha_creacion": "2026-03-01T12:00:00Z",
      "fecha_modificacion": "2026-03-01T12:00:00Z"
    }
  },
  {
    "model": "inventory.material",
    "pk": "f9c0f45b-97ed-11f0-a638-c4cbe12e39be",
    "fields": {
      "nombre": "Botella retornable vidrio",
      "descripcion": "Retornable (consultar política del gestor)",
      "imagen_url": "",
      "categoria": "f961bf79-97ed-11f0-a638-c4cbe12e39be",
      "tipo": "f9781a33-97ed-11f0-a638-c4cbe12e39be",
      "estado": "ACTIVO",
      "fecha_creacion": "2026-03-01T12:00:00Z",
      "fecha_modificacion": "2026-03-01T12:00:00Z"
    }
  },
  {
    "model": "inventory.material",
    "pk": "f9c29d31-97ed-11f0-a638-c4cbe12e39be",
    "fields": {
      "nombre": "Aceite de cocina usado (UCE)",
      "descripcion": "Almacenado en botella plástica cerrada",
      "imagen_url": "",
      "categoria": "f9738c79-97ed-11f0-a638-c4cbe12e39be",
      "tipo": "f9807198-97ed-11f0-a638-c4cbe12e39be",
      "estado": "ACTIVO",
      "fecha_creacion": "2026-03-01T12:00:00Z",
      "fecha_modificacion": "2026-03-01T12:00:00Z"
    }
  },
  {
    "model": "inventory.material",
    "pk": "f9c43c0d-97ed-11f0-a638-c4cbe12e39be",
    "fields": {
      "nombre": "Llantas usadas",
      "descripcion": "Llantas enteras para programas de recolección",
      "imagen_url": "",
      "categoria": "f9751f8a-97ed-11f0-a638-c4cbe12e39be",
      "tipo": "f9807198-97ed-11f0-a638-c4cbe12e39be",
      "estado": "ACTIVO",
      "fecha_creacion": "2026-03-01T12:00:00Z",
      "fecha_modificacion": "2026-03-01T12:00:00Z"
    }
  },
  {
    "model": "inventory.material",
    "pk": "f9c5f576-97ed-11f0-a638-c4cbe12e39be",
    "fields": {
      "nombre": "Orgánicos compostables",
      "descripcion": "Restos de comida/jardín para compostaje",
      "imagen_url": "",
      "categoria": "f972aad0-97ed-11f0-a638-c4cbe12e39be",
      "tipo": "f97f4b5d-97ed-11f0-a638-c4cbe12e39be",
      "estado": "ACTIVO",
      "fecha_creacion": "2026-03-01T12:00:00Z",
      "fecha_modificacion": "2026-03-01T12:00:00Z"
    }
  },
  {
    "model": "users.usuario",
    "pk": "33333333-3333-3333-3333-333333333333",
    "fields": {
      "email": "maria.verano@inforecicla.org",
      "celular": "3011111111",
      "ciudad": "Bogotá",
      "latitud": null,
      "longitud": null,
      "nombres": "Maria",
      "apellidos": "Verano",
      "password": "$2y$10$92IXUNpkjO0rOQ5byMi.Ye4oKoEa3Ro9llC/.og/at2.uheWG/igi",
      "tipo_documento": "CC",
      "numero_documento": "1020304050",
      "fecha_nacimiento": "2006-06-07",
      "foto_perfil": null,
      "biografia": "Gestora ECA responsable de los puntos de reciclaje del sur de Bogotá.",
      "is_active": true,
      "is_staff": false,
      "is_superuser": false,
      "localidad": "a1b2c3d4-e5f6-47a9-b12d-cdef01234506",
      "fecha_creacion": "2026-03-01T12:00:00Z",
      "fecha_modificacion": "2026-03-01T12:00:00Z",
      "date_joined": "2026-03-01T12:00:00Z"
    }
  },
  {
    "model": "users.usuario",
    "pk": "61906cf2-122d-43f7-abbf-8baecfb396de",
    "fields": {
      "email": "carlos.perez@inforecicla.org",
      "celular": "3022222222",
      "ciudad": "Bogotá",
      "latitud": null,
      "longitud": null,
      "nombres": "Carlos",
      "apellidos": "Pérez",
      "password": "$2y$10$92IXUNpkjO0rOQ5byMi.Ye4oKoEa3Ro9llC/.og/at2.uheWG/igi",
      "tipo_documento": "CC",
      "numero_documento": "1122334455",
      "fecha_nacimiento": "1988-03-27",
      "foto_perfil": null,
      "biografia": "Gestor ECA asignado a zonas del norte de la ciudad.",
      "is_active": true,
      "is_staff": false,
      "is_superuser": false,
      "localidad": "a1b2c3d4-e5f6-47a9-b12d-cdef01234501",
      "fecha_creacion": "2026-03-01T12:00:00Z",
      "fecha_modificacion": "2026-03-01T12:00:00Z",
      "date_joined": "2026-03-01T12:00:00Z"
    }
  },
  {
    "model": "users.usuario",
    "pk": "43c85241-a584-4fd4-b168-cc654054fe8c",
    "fields": {
      "email": "ana.rodriguez@example.com",
      "celular": "3033333333",
      "ciudad": "Bogotá",
      "latitud": null,
      "longitud": null,
      "nombres": "Ana",
      "apellidos": "Rodríguez",
      "password": "$2y$10$92IXUNpkjO0rOQ5byMi.Ye4oKoEa3Ro9llC/.og/at2.uheWG/igi",
      "tipo_documento": "CC",
      "numero_documento": "1002003004",
      "fecha_nacimiento": "1994-11-12",
      "foto_perfil": null,
      "biografia": "Ciudadana que lleva sus residuos aprovechables a los puntos ECA cercanos.",
      "is_active": true,
      "is_staff": false,
      "is_superuser": false,
      "localidad": "a1b2c3d4-e5f6-47a9-b12d-cdef01234507",
      "fecha_creacion": "2026-03-01T12:00:00Z",
      "fecha_modificacion": "2026-03-01T12:00:00Z",
      "date_joined": "2026-03-01T12:00:00Z"
    }
  },
  {
    "model": "users.usuario",
    "pk": "55555555-5555-5555-5555-555555555555",
    "fields": {
      "email": "juan.perez@example.com",
      "celular": "3041234567",
      "ciudad": "Bogotá",
      "latitud": null,
      "longitud": null,
      "nombres": "Juan",
      "apellidos": "Pérez",
      "password": "$2y$10$92IXUNpkjO0rOQ5byMi.Ye4oKoEa3Ro9llC/.og/at2.uheWG/igi",
      "tipo_documento": "CC",
      "numero_documento": "1010203040",
      "fecha_nacimiento": "1992-05-20",
      "foto_perfil": null,
      "biografia": "Ciudadano comprometido con el reciclaje y la sostenibilidad ambiental.",
      "is_active": true,
      "is_staff": false,
      "is_superuser": false,
      "localidad": "a1b2c3d4-e5f6-47a9-b12d-cdef0123450b",
      "fecha_creacion": "2026-03-01T12:00:00Z",
      "fecha_modificacion": "2026-03-01T12:00:00Z",
      "date_joined": "2026-03-01T12:00:00Z"
    }
  },
  {
    "model": "users.usuario",
    "pk": "66666666-6666-6666-6666-666666666666",
    "fields": {
      "email": "maria.lopez@example.com",
      "celular": "3142567890",
      "ciudad": "Bogotá",
      "latitud": null,
      "longitud": null,
      "nombres": "María",
      "apellidos": "López",
      "password": "$2y$10$92IXUNpkjO0rOQ5byMi.Ye4oKoEa3Ro9llC/.og/at2.uheWG/igi",
      "tipo_documento": "CC",
      "numero_documento": "1020304051",
      "fecha_nacimiento": "1989-08-15",
      "foto_perfil": null,
      "biografia": "Participante activa en programas de reciclaje comunitario.",
      "is_active": true,
      "is_staff": false,
      "is_superuser": false,
      "localidad": "a1b2c3d4-e5f6-47a9-b12d-cdef01234508",
      "fecha_creacion": "2026-03-01T12:00:00Z",
      "fecha_modificacion": "2026-03-01T12:00:00Z",
      "date_joined": "2026-03-01T12:00:00Z"
    }
  },
  {
    "model": "users.usuario",
    "pk": "77777777-7777-7777-7777-777777777777",
    "fields": {
      "email": "pedro.martinez@example.com",
      "celular": "3243456789",
      "ciudad": "Bogotá",
      "latitud": null,
      "longitud": null,
      "nombres": "Pedro",
      "apellidos": "Martínez",
      "password": "$2y$10$92IXUNpkjO0rOQ5byMi.Ye4oKoEa3Ro9llC/.og/at2.uheWG/igi",
      "tipo_documento": "CC",
      "numero_documento": "1030405060",
      "fecha_nacimiento": "1995-02-10",
      "foto_perfil": null,
      "biografia": "Gestor residencial que promueve la separación de basuras en su edificio.",
      "is_active": true,
      "is_staff": false,
      "is_superuser": false,
      "localidad": "a1b2c3d4-e5f6-47a9-b12d-cdef0123450a",
      "fecha_creacion": "2026-03-01T12:00:00Z",
      "fecha_modificacion": "2026-03-01T12:00:00Z",
      "date_joined": "2026-03-01T12:00:00Z"
    }
  },
  {
    "model": "users.usuario",
    "pk": "88888888-8888-8888-8888-888888888888",
    "fields": {
      "email": "sandra.garcia@example.com",
      "celular": "3015678901",
      "ciudad": "Bogotá",
      "latitud": null,
      "longitud": null,
      "nombres": "Sandra",
      "apellidos": "García",
      "password": "$2y$10$92IXUNpkjO0rOQ5byMi.Ye4oKoEa3Ro9llC/.og/at2.uheWG/igi",
      "tipo_documento": "TI",
      "numero_documento": "1098765432",
      "fecha_nacimiento": "1997-12-05",
      "foto_perfil": null,
      "biografia": "Joven interesada en iniciativas verdes y sostenibilidad del planeta.",
      "is_active": true,
      "is_staff": false,
      "is_superuser": false,
      "localidad": "a1b2c3d4-e5f6-47a9-b12d-cdef01234509",
      "fecha_creacion": "2026-03-01T12:00:00Z",
      "fecha_modificacion": "2026-03-01T12:00:00Z",
      "date_joined": "2026-03-01T12:00:00Z"
    }
  },
  {
    "model": "users.usuario",
    "pk": "99999999-9999-9999-9999-999999999999",
    "fields": {
      "email": "roberto.sanchez@example.com",
      "celular": "3156789012",
      "ciudad": "Bogotá",
      "latitud": null,
      "longitud": null,
      "nombres": "Roberto",
      "apellidos": "Sánchez",
      "password": "$2y$10$92IXUNpkjO0rOQ5byMi.Ye4oKoEa3Ro9llC/.og/at2.uheWG/igi",
      "tipo_documento": "CC",
      "numero_documento": "1040506070",
      "fecha_nacimiento": "1987-07-22",
      "foto_perfil": null,
      "biografia": "Empresario del sector de reciclaje con experiencia en gestión de residuos.",
      "is_active": true,
      "is_staff": false,
      "is_superuser": false,
      "localidad": "a1b2c3d4-e5f6-47a9-b12d-cdef01234503",
      "fecha_creacion": "2026-03-01T12:00:00Z",
      "fecha_modificacion": "2026-03-01T12:00:00Z",
      "date_joined": "2026-03-01T12:00:00Z"
    }
  },
  {
    "model": "users.usuario",
    "pk": "aaaaaaaa-aaaa-aaaa-aaaa-aaaaaaaaaaaa",
    "fields": {
      "email": "claudia.reyes@example.com",
      "celular": "3167890123",
      "ciudad": "Bogotá",
      "latitud": null,
      "longitud": null,
      "nombres": "Claudia",
      "apellidos": "Reyes",
      "password": "$2y$10$92IXUNpkjO0rOQ5byMi.Ye4oKoEa3Ro9llC/.og/at2.uheWG/igi",
      "tipo_documento": "CC",
      "numero_documento": "1050607080",
      "fecha_nacimiento": "1991-09-30",
      "foto_perfil": null,
      "biografia": "Educadora ambiental que enseña sobre la importancia del reciclaje.",
      "is_active": true,
      "is_staff": false,
      "is_superuser": false,
      "localidad": "a1b2c3d4-e5f6-47a9-b12d-cdef0123450c",
      "fecha_creacion": "2026-03-01T12:00:00Z",
      "fecha_modificacion": "2026-03-01T12:00:00Z",
      "date_joined": "2026-03-01T12:00:00Z"
    }
  },
  {
    "model": "users.usuario",
    "pk": "bbbbbbbb-bbbb-bbbb-bbbb-bbbbbbbbbbbb",
    "fields": {
      "email": "francisco.rodriguez@example.com",
      "celular": "3178901234",
      "ciudad": "Bogotá",
      "latitud": null,
      "longitud": null,
      "nombres": "Francisco",
      "apellidos": "Rodríguez",
      "password": "$2y$10$92IXUNpkjO0rOQ5byMi.Ye4oKoEa3Ro9llC/.og/at2.uheWG/igi",
      "tipo_documento": "CC",
      "numero_documento": "1060708090",
      "fecha_nacimiento": "1993-04-18",
      "foto_perfil": null,
      "biografia": "Voluntario en programas comunitarios de limpieza y reciclaje.",
      "is_active": true,
      "is_staff": false,
      "is_superuser": false,
      "localidad": "a1b2c3d4-e5f6-47a9-b12d-cdef0123450d",
      "fecha_creacion": "2026-03-01T12:00:00Z",
      "fecha_modificacion": "2026-03-01T12:00:00Z",
      "date_joined": "2026-03-01T12:00:00Z"
    }
  },
  {
    "model": "users.usuario",
    "pk": "cccccccc-cccc-cccc-cccc-cccccccccccc",
    "fields": {
      "email": "veronica.flores@example.com",
      "celular": "3189012345",
      "ciudad": "Bogotá",
      "latitud": null,
      "longitud": null,
      "nombres": "Verónica",
      "apellidos": "Flores",
      "password": "$2y$10$92IXUNpkjO0rOQ5byMi.Ye4oKoEa3Ro9llC/.og/at2.uheWG/igi",
      "tipo_documento": "CC",
      "numero_documento": "1070809010",
      "fecha_nacimiento": "1996-10-08",
      "foto_perfil": null,
      "biografia": "Profesional de ingeniería ambiental especializada en gestión de residuos.",
      "is_active": true,
      "is_staff": false,
      "is_superuser": false,
      "localidad": "a1b2c3d4-e5f6-47a9-b12d-cdef0123450e",
      "fecha_creacion": "2026-03-01T12:00:00Z",
      "fecha_modificacion": "2026-03-01T12:00:00Z",
      "date_joined": "2026-03-01T12:00:00Z"
    }
  },
  {
    "model": "users.usuario",
    "pk": "dddddddd-dddd-dddd-dddd-dddddddddddd",
    "fields": {
      "email": "gabriel.torres@example.com",
      "celular": "3200123456",
      "ciudad": "Bogotá",
      "latitud": null,
      "longitud": null,
      "nombres": "Gabriel",
      "apellidos": "Torres",
      "password": "$2y$10$92IXUNpkjO0rOQ5byMi.Ye4oKoEa3Ro9llC/.og/at2.uheWG/igi",
      "tipo_documento": "CC",
      "numero_documento": "1080910020",
      "fecha_nacimiento": "1990-01-25",
      "foto_perfil": null,
      "biografia": "Emprendedor social enfocado en soluciones ecológicas innovadoras.",
      "is_active": true,
      "is_staff": false,
      "is_superuser": false,
      "localidad": "a1b2c3d4-e5f6-47a9-b12d-cdef0123450f",
      "fecha_creacion": "2026-03-01T12:00:00Z",
      "fecha_modificacion": "2026-03-01T12:00:00Z",
      "date_joined": "2026-03-01T12:00:00Z"
    }
  },
  {
    "model": "ecas.puntoeca",
    "pk": "738aa6ff-a192-4268-a60f-67697d161818",
    "fields": {
      "nombre": "PuntoECA Alqueria",
      "descripcion": "Punto de reciclaje ubicado en el sur de Bogotá, dentro del parque empresarial La Alquería.",
      "email": "eca.alqueria@inforecicla.org",
      "celular": "3101111111",
      "ciudad": "Bogotá",
      "localidad": "a1b2c3d4-e5f6-47a9-b12d-cdef01234506",
      "latitud": 4.5912,
      "longitud": -74.1281,
      "sitio_web": null,
      "horario_atencion": "Lunes a sábado 08:00-17:00",
      "telefono_punto": "6011234567",
      "direccion": "Calle 38 Sur # 52-10",
      "logo_url_punto": "",
      "foto_url_punto": "",
      "gestor_eca": "33333333-3333-3333-3333-333333333333",
      "estado": "ACTIVO",
      "inventarios": [],
      "fecha_creacion": "2026-03-01T12:00:00Z",
      "fecha_modificacion": "2026-03-01T12:00:00Z"
    }
  },
  {
    "model": "ecas.puntoeca",
    "pk": "9e6b1215-7f8c-4220-b7b3-06a1ff81841c",
    "fields": {
      "nombre": "PuntoECA Usaquen",
      "descripcion": "Punto de reciclaje ubicado en el norte de Bogotá, cerca a centros comerciales y residenciales.",
      "email": "eca.usaquen@inforecicla.org",
      "celular": "3102222222",
      "ciudad": "Bogotá",
      "localidad": "a1b2c3d4-e5f6-47a9-b12d-cdef01234501",
      "latitud": 4.7125,
      "longitud": -74.0369,
      "sitio_web": "https://www.eca-usaquen.org",
      "horario_atencion": "Lunes a viernes 09:00-18:00",
      "telefono_punto": "6017654321",
      "direccion": "Carrera 7 # 120-15",
      "logo_url_punto": "",
      "foto_url_punto": "",
      "gestor_eca": "61906cf2-122d-43f7-abbf-8baecfb396de",
      "estado": "ACTIVO",
      "inventarios": [],
      "fecha_creacion": "2026-03-01T12:00:00Z",
      "fecha_modificacion": "2026-03-01T12:00:00Z"
    }
  },
  {
    "model": "ecas.centroacopio",
    "pk": "b1c2d3e4-f5a6-47b9-c12d-cdef01234501",
    "fields": {
      "email": "centro.sur@inforecicla.org",
      "celular": "3150000001",
      "ciudad": "Bogotá",
      "localidad": "a1b2c3d4-e5f6-47a9-b12d-cdef01234506",
      "latitud": 4.592,
      "longitud": -74.129,
      "sitio_web": "https://centro-sur.inforecicla.org",
      "horario_atencion": "Lunes a sábado 07:30-16:30",
      "nombre": "Centro de Acopio Sur",
      "tipo_centro": "PLANTA",
      "visibilidad": "ECA",
      "descripcion": "Planta de acopio asociada al Punto ECA La Alquería. Recibe grandes volúmenes de material.",
      "nota": "Prioridad para materiales de puntos ECA del sur de Bogotá.",
      "nombre_contacto": "María López",
      "estado": "ACTIVO",
      "puntos_eca": ["738aa6ff-a192-4268-a60f-67697d161818"],
      "fecha_creacion": "2026-03-01T12:00:00Z",
      "fecha_modificacion": "2026-03-01T12:00:00Z"
    }
  },
  {
    "model": "ecas.centroacopio",
    "pk": "b1c2d3e4-f5a6-47b9-c12d-cdef01234502",
    "fields": {
      "email": "centro.norte@inforecicla.org",
      "celular": "3150000002",
      "ciudad": "Bogotá",
      "localidad": "a1b2c3d4-e5f6-47a9-b12d-cdef01234501",
      "latitud": 4.715,
      "longitud": -74.0385,
      "sitio_web": "https://centro-norte.inforecicla.org",
      "horario_atencion": "Lunes a viernes 08:00-17:30",
      "nombre": "Centro Aliado Norte",
      "tipo_centro": "PROVEEDOR",
      "visibilidad": "GLOBAL",
      "descripcion": "Centro aliado que compra material separado en fuente de diferentes Puntos ECA.",
      "nota": "Realiza pagos mensuales a los gestores aliados.",
      "nombre_contacto": "Jorge Ramírez",
      "estado": "ACTIVO",
      "puntos_eca": ["9e6b1215-7f8c-4220-b7b3-06a1ff81841c"],
      "fecha_creacion": "2026-03-01T12:00:00Z",
      "fecha_modificacion": "2026-03-01T12:00:00Z"
    }
  },
  {
    "model": "ecas.centroacopio",
    "pk": "b1c2d3e4-f5a6-47b9-c12d-cdef01234503",
    "fields": {
      "email": "clasificacion.tunjuelito@inforecicla.org",
      "celular": "3160000001",
      "ciudad": "Bogotá",
      "localidad": "a1b2c3d4-e5f6-47a9-b12d-cdef01234506",
      "latitud": 4.5925,
      "longitud": -74.1275,
      "sitio_web": "https://clasificacion-tunjuelito.org",
      "horario_atencion": "Lunes a viernes 06:00-18:00",
      "nombre": "Centro de Clasificación Tunjuelito",
      "tipo_centro": "PLANTA",
      "visibilidad": "ECA",
      "descripcion": "Centro de clasificación y separación en fuente para el Punto ECA La Alquería.",
      "nota": "Especializado en vidrio y plásticos de alta calidad.",
      "nombre_contacto": "Juan Carlos Moreno",
      "estado": "ACTIVO",
      "puntos_eca": ["738aa6ff-a192-4268-a60f-67697d161818"],
      "fecha_creacion": "2026-03-01T12:00:00Z",
      "fecha_modificacion": "2026-03-01T12:00:00Z"
    }
  },
  {
    "model": "ecas.centroacopio",
    "pk": "b1c2d3e4-f5a6-47b9-c12d-cdef01234504",
    "fields": {
      "email": "acopio.secundario@inforecicla.org",
      "celular": "3160000002",
      "ciudad": "Bogotá",
      "localidad": "a1b2c3d4-e5f6-47a9-b12d-cdef01234506",
      "latitud": 4.5935,
      "longitud": -74.13,
      "sitio_web": "https://acopio-secundario.org",
      "horario_atencion": "Lunes a sábado 08:00-17:00",
      "nombre": "Centro de Acopio Secundario Sur",
      "tipo_centro": "PLANTA",
      "visibilidad": "ECA",
      "descripcion": "Centro secundario para acopio de materiales complementarios del Punto La Alquería.",
      "nota": "Enfocado en cartón, papel y residuos especiales.",
      "nombre_contacto": "Patricia Gómez",
      "estado": "ACTIVO",
      "puntos_eca": ["738aa6ff-a192-4268-a60f-67697d161818"],
      "fecha_creacion": "2026-03-01T12:00:00Z",
      "fecha_modificacion": "2026-03-01T12:00:00Z"
    }
  },
  {
    "model": "ecas.centroacopio",
    "pk": "b1c2d3e4-f5a6-47b9-c12d-cdef01234505",
    "fields": {
      "email": "valorizacion.alqueria@inforecicla.org",
      "celular": "3160000003",
      "ciudad": "Bogotá",
      "localidad": "a1b2c3d4-e5f6-47a9-b12d-cdef01234506",
      "latitud": 4.591,
      "longitud": -74.1285,
      "sitio_web": "https://valorizacion-alqueria.org",
      "horario_atencion": "Lunes a viernes 07:00-16:30",
      "nombre": "Planta de Valorización Alquería",
      "tipo_centro": "PLANTA",
      "visibilidad": "ECA",
      "descripcion": "Planta de valorización de residuos enlazada con el Punto ECA La Alquería.",
      "nota": "Realiza procesamiento intermedio de vidrio y plástico.",
      "nombre_contacto": "Roberto Sánchez",
      "estado": "ACTIVO",
      "puntos_eca": ["738aa6ff-a192-4268-a60f-67697d161818"],
      "fecha_creacion": "2026-03-01T12:00:00Z",
      "fecha_modificacion": "2026-03-01T12:00:00Z"
    }
  },
  {
    "model": "ecas.centroacopio",
    "pk": "b1c2d3e4-f5a6-47b9-c12d-cdef01234506",
    "fields": {
      "email": "metales.tunjuelito@inforecicla.org",
      "celular": "3160000004",
      "ciudad": "Bogotá",
      "localidad": "a1b2c3d4-e5f6-47a9-b12d-cdef01234506",
      "latitud": 4.592,
      "longitud": -74.1295,
      "sitio_web": "https://metales-tunjuelito.org",
      "horario_atencion": "Lunes a viernes 06:30-17:00",
      "nombre": "Centro Proc Metales Tunjuelito",
      "tipo_centro": "PLANTA",
      "visibilidad": "ECA",
      "descripcion": "Especializado en procesamiento de metales ferrosos y aluminio del Punto La Alquería.",
      "nota": "Cuenta con maquinaria para compactación y clasificación de metales.",
      "nombre_contacto": "Fernando López",
      "estado": "ACTIVO",
      "puntos_eca": ["738aa6ff-a192-4268-a60f-67697d161818"],
      "fecha_creacion": "2026-03-01T12:00:00Z",
      "fecha_modificacion": "2026-03-01T12:00:00Z"
    }
  },
  {
    "model": "ecas.centroacopio",
    "pk": "b1c2d3e4-f5a6-47b9-c12d-cdef01234507",
    "fields": {
      "email": "ambiental.sur@inforecicla.org",
      "celular": "3160000005",
      "ciudad": "Bogotá",
      "localidad": "a1b2c3d4-e5f6-47a9-b12d-cdef01234506",
      "latitud": 4.5915,
      "longitud": -74.128,
      "sitio_web": "https://ambiental-sur-integral.org",
      "horario_atencion": "Lunes a domingo 07:00-19:00",
      "nombre": "Centro Ambiental Sur Integral",
      "tipo_centro": "PROVEEDOR",
      "visibilidad": "ECA",
      "descripcion": "Centro aliado integral que recibe todos los tipos de material del Punto ECA La Alquería.",
      "nota": "Realiza pagos diarios y mantiene buenas relaciones comerciales.",
      "nombre_contacto": "Marcela Rodríguez",
      "estado": "ACTIVO",
      "puntos_eca": ["738aa6ff-a192-4268-a60f-67697d161818"],
      "fecha_creacion": "2026-03-01T12:00:00Z",
      "fecha_modificacion": "2026-03-01T12:00:00Z"
    }
  },
  {
    "model": "ecas.centroacopio",
    "pk": "b1c2d3e4-f5a6-47b9-c12d-cdef01234508",
    "fields": {
      "email": "acopio.usaquen@inforecicla.org",
      "celular": "3170000001",
      "ciudad": "Bogotá",
      "localidad": "a1b2c3d4-e5f6-47a9-b12d-cdef01234501",
      "latitud": 4.713,
      "longitud": -74.0375,
      "sitio_web": "https://acopio-usaquen.org",
      "horario_atencion": "Lunes a sábado 08:00-17:00",
      "nombre": "Centro de Acopio Usaquén",
      "tipo_centro": "PLANTA",
      "visibilidad": "ECA",
      "descripcion": "Centro de acopio aliado para el Punto ECA Usaquén Norte.",
      "nota": "Especializado en papel, cartón y RAEE de la zona norte.",
      "nombre_contacto": "Antonio Vargas",
      "estado": "ACTIVO",
      "puntos_eca": ["9e6b1215-7f8c-4220-b7b3-06a1ff81841c"],
      "fecha_creacion": "2026-03-01T12:00:00Z",
      "fecha_modificacion": "2026-03-01T12:00:00Z"
    }
  },
  {
    "model": "ecas.centroacopio",
    "pk": "b1c2d3e4-f5a6-47b9-c12d-cdef01234509",
    "fields": {
      "email": "vidrio.usaquen@inforecicla.org",
      "celular": "3170000002",
      "ciudad": "Bogotá",
      "localidad": "a1b2c3d4-e5f6-47a9-b12d-cdef01234501",
      "latitud": 4.712,
      "longitud": -74.038,
      "sitio_web": "https://vidrio-usaquen.org",
      "horario_atencion": "Lunes a viernes 07:00-16:30",
      "nombre": "Centro Proc Vidrio Usaquén",
      "tipo_centro": "PLANTA",
      "visibilidad": "GLOBAL",
      "descripcion": "Planta especializada en procesamiento de vidrio de diferentes colores.",
      "nota": "Sirve a múltiples puntos ECA incluyendo Usaquén.",
      "nombre_contacto": "Claudia Martínez",
      "estado": "ACTIVO",
      "puntos_eca": ["9e6b1215-7f8c-4220-b7b3-06a1ff81841c"],
      "fecha_creacion": "2026-03-01T12:00:00Z",
      "fecha_modificacion": "2026-03-01T12:00:00Z"
    }
  },
  {
    "model": "ecas.centroacopio",
    "pk": "b1c2d3e4-f5a6-47b9-c12d-cdef0123450a",
    "fields": {
      "email": "regional.bogota@inforecicla.org",
      "celular": "3170000003",
      "ciudad": "Bogotá",
      "localidad": "a1b2c3d4-e5f6-47a9-b12d-cdef01234501",
      "latitud": 4.715,
      "longitud": -74.039,
      "sitio_web": "https://regional-reciclaje.org",
      "horario_atencion": "Lunes a viernes 08:00-17:30",
      "nombre": "Centro Regional Reciclaje Bogotá",
      "tipo_centro": "PROVEEDOR",
      "visibilidad": "GLOBAL",
      "descripcion": "Gran centro regional que compra material de múltiples puntos ECA en Bogotá.",
      "nota": "Realiza pagos semanales y tiene certificaciones ambientales.",
      "nombre_contacto": "Andrés Peña",
      "estado": "ACTIVO",
      "puntos_eca": ["9e6b1215-7f8c-4220-b7b3-06a1ff81841c"],
      "fecha_creacion": "2026-03-01T12:00:00Z",
      "fecha_modificacion": "2026-03-01T12:00:00Z"
    }
  },
  {
    "model": "ecas.centroacopio",
    "pk": "b1c2d3e4-f5a6-47b9-c12d-cdef0123450b",
    "fields": {
      "email": "plastico.usaquen@inforecicla.org",
      "celular": "3170000005",
      "ciudad": "Bogotá",
      "localidad": "a1b2c3d4-e5f6-47a9-b12d-cdef01234501",
      "latitud": 4.7125,
      "longitud": -74.0385,
      "sitio_web": "https://transformacion-plastico.org",
      "horario_atencion": "Lunes a viernes 07:00-17:00",
      "nombre": "Centro Transformación Plástico",
      "tipo_centro": "PLANTA",
      "visibilidad": "GLOBAL",
      "descripcion": "Centro especializado en transformación de plástico reciclado a pellets.",
      "nota": "Recibe material de varios centros ECA para procesamiento integral.",
      "nombre_contacto": "Sofía Ramos",
      "estado": "ACTIVO",
      "puntos_eca": ["9e6b1215-7f8c-4220-b7b3-06a1ff81841c"],
      "fecha_creacion": "2026-03-01T12:00:00Z",
      "fecha_modificacion": "2026-03-01T12:00:00Z"
    }
  },
  {
    "model": "ecas.centroacopio",
    "pk": "c1d2e3f4-a5b6-47c9-d12d-cdef01234501",
    "fields": {
      "email": "vidrio.global@inforecicla.org",
      "celular": "3180000001",
      "ciudad": "Bogotá",
      "localidad": "a1b2c3d4-e5f6-47a9-b12d-cdef01234510",
      "latitud": 4.6521,
      "longitud": -74.093,
      "sitio_web": "https://vidrio-global.org",
      "horario_atencion": "Lunes a sábado 07:00-18:00",
      "nombre": "Centro Global Vidrio Bogotá",
      "tipo_centro": "PLANTA",
      "visibilidad": "GLOBAL",
      "descripcion": "Centro global especializado en vidrio que compra de todos los puntos ECA.",
      "nota": "Procesa vidrio de todos los colores y distribuye a recicladores finales.",
      "nombre_contacto": "Carlos Mendoza",
      "estado": "ACTIVO",
      "puntos_eca": [],
      "fecha_creacion": "2026-03-01T12:00:00Z",
      "fecha_modificacion": "2026-03-01T12:00:00Z"
    }
  },
  {
    "model": "ecas.centroacopio",
    "pk": "c1d2e3f4-a5b6-47c9-d12d-cdef01234502",
    "fields": {
      "email": "plastico.global@inforecicla.org",
      "celular": "3180000002",
      "ciudad": "Bogotá",
      "localidad": "a1b2c3d4-e5f6-47a9-b12d-cdef01234508",
      "latitud": 4.6789,
      "longitud": -74.1234,
      "sitio_web": "https://plastico-global.org",
      "horario_atencion": "Lunes a viernes 06:00-17:00",
      "nombre": "Centro Global Plástico Bogotá",
      "tipo_centro": "PLANTA",
      "visibilidad": "GLOBAL",
      "descripcion": "Centro global de procesamiento de plástico disponible para todos los puntos.",
      "nota": "Compra PET, HDPE, PP y otros plásticos. Realiza pagos semanales.",
      "nombre_contacto": "Diana Serna",
      "estado": "ACTIVO",
      "puntos_eca": [],
      "fecha_creacion": "2026-03-01T12:00:00Z",
      "fecha_modificacion": "2026-03-01T12:00:00Z"
    }
  },
  {
    "model": "ecas.centroacopio",
    "pk": "c1d2e3f4-a5b6-47c9-d12d-cdef01234503",
    "fields": {
      "email": "metales.global@inforecicla.org",
      "celular": "3180000003",
      "ciudad": "Bogotá",
      "localidad": "a1b2c3d4-e5f6-47a9-b12d-cdef01234512",
      "latitud": 4.7234,
      "longitud": -74.0567,
      "sitio_web": "https://metales-global.org",
      "horario_atencion": "Lunes a domingo 08:00-19:00",
      "nombre": "Centro Global Metales Bogotá",
      "tipo_centro": "PROVEEDOR",
      "visibilidad": "GLOBAL",
      "descripcion": "Centro nacional que compra metales ferrosos y aluminio de múltiples puntos.",
      "nota": "Proveedor oficial con transporte a todo Bogotá.",
      "nombre_contacto": "Roberto Ureña",
      "estado": "ACTIVO",
      "puntos_eca": [],
      "fecha_creacion": "2026-03-01T12:00:00Z",
      "fecha_modificacion": "2026-03-01T12:00:00Z"
    }
  },
  {
    "model": "ecas.centroacopio",
    "pk": "c1d2e3f4-a5b6-47c9-d12d-cdef01234504",
    "fields": {
      "email": "papel.global@inforecicla.org",
      "celular": "3180000004",
      "ciudad": "Bogotá",
      "localidad": "a1b2c3d4-e5f6-47a9-b12d-cdef01234514",
      "latitud": 4.5432,
      "longitud": -74.1123,
      "sitio_web": "https://papel-global.org",
      "horario_atencion": "Lunes a sábado 07:30-17:30",
      "nombre": "Centro Global Papel y Cartón",
      "tipo_centro": "PLANTA",
      "visibilidad": "GLOBAL",
      "descripcion": "Centro especializado en papel y cartón disponible para todos los puntos ECA.",
      "nota": "Compra cajas, periódicos, revistas y cartón ondulado.",
      "nombre_contacto": "Maritza García",
      "estado": "ACTIVO",
      "puntos_eca": [],
      "fecha_creacion": "2026-03-01T12:00:00Z",
      "fecha_modificacion": "2026-03-01T12:00:00Z"
    }
  },
  {
    "model": "inventory.inventario",
    "pk": "93f8750c-125b-418b-b2ef-dd2df60d47a9",
    "fields": {
      "capacidad_maxima": "500.00",
      "precio_compra": "1500.00",
      "precio_venta": "2100.00",
      "stock_actual": "250.00",
      "umbral_alerta": 25,
      "umbral_critico": 10,
      "alerta": "OK",
      "material": "f981963d-97ed-11f0-a638-c4cbe12e39be",
      "punto_eca": "738aa6ff-a192-4268-a60f-67697d161818",
      "centro_acopio": null,
      "estado": "ACTIVO",
      "unidad_medida": "KG",
      "fecha_creacion": "2026-03-01T12:00:00Z",
      "fecha_modificacion": "2026-03-01T12:00:00Z"
    }
  },
  {
    "model": "inventory.inventario",
    "pk": "11111111-1111-1111-1111-111111111111",
    "fields": {
      "capacidad_maxima": "600.00",
      "precio_compra": "1200.00",
      "precio_venta": "1900.00",
      "stock_actual": "180.00",
      "umbral_alerta": 30,
      "umbral_critico": 12,
      "alerta": "OK",
      "material": "f9a13a49-97ed-11f0-a638-c4cbe12e39be",
      "punto_eca": "738aa6ff-a192-4268-a60f-67697d161818",
      "centro_acopio": null,
      "estado": "ACTIVO",
      "unidad_medida": "KG",
      "fecha_creacion": "2026-03-01T12:00:00Z",
      "fecha_modificacion": "2026-03-01T12:00:00Z"
    }
  },
  {
    "model": "inventory.inventario",
    "pk": "22222222-2222-2222-2222-222222222222",
    "fields": {
      "capacidad_maxima": "400.00",
      "precio_compra": "1100.00",
      "precio_venta": "1700.00",
      "stock_actual": "150.00",
      "umbral_alerta": 20,
      "umbral_critico": 8,
      "alerta": "OK",
      "material": "f9a254a7-97ed-11f0-a638-c4cbe12e39be",
      "punto_eca": "738aa6ff-a192-4268-a60f-67697d161818",
      "centro_acopio": null,
      "estado": "ACTIVO",
      "unidad_medida": "KG",
      "fecha_creacion": "2026-03-01T12:00:00Z",
      "fecha_modificacion": "2026-03-01T12:00:00Z"
    }
  },
  {
    "model": "inventory.inventario",
    "pk": "33333333-3333-3333-3333-333333333334",
    "fields": {
      "capacidad_maxima": "700.00",
      "precio_compra": "950.00",
      "precio_venta": "1450.00",
      "stock_actual": "320.00",
      "umbral_alerta": 35,
      "umbral_critico": 15,
      "alerta": "OK",
      "material": "f9a46885-97ed-11f0-a638-c4cbe12e39be",
      "punto_eca": "738aa6ff-a192-4268-a60f-67697d161818",
      "centro_acopio": null,
      "estado": "ACTIVO",
      "unidad_medida": "KG",
      "fecha_creacion": "2026-03-01T12:00:00Z",
      "fecha_modificacion": "2026-03-01T12:00:00Z"
    }
  },
  {
    "model": "inventory.inventario",
    "pk": "44444444-4444-4444-4444-444444444444",
    "fields": {
      "capacidad_maxima": "550.00",
      "precio_compra": "1400.00",
      "precio_venta": "2000.00",
      "stock_actual": "280.00",
      "umbral_alerta": 28,
      "umbral_critico": 11,
      "alerta": "OK",
      "material": "f99d329a-97ed-11f0-a638-c4cbe12e39be",
      "punto_eca": "738aa6ff-a192-4268-a60f-67697d161818",
      "centro_acopio": null,
      "estado": "ACTIVO",
      "unidad_medida": "KG",
      "fecha_creacion": "2026-03-01T12:00:00Z",
      "fecha_modificacion": "2026-03-01T12:00:00Z"
    }
  },
  {
    "model": "inventory.inventario",
    "pk": "55555555-5555-5555-5555-555555555555",
    "fields": {
      "capacidad_maxima": "650.00",
      "precio_compra": "800.00",
      "precio_venta": "1300.00",
      "stock_actual": "290.00",
      "umbral_alerta": 32,
      "umbral_critico": 14,
      "alerta": "OK",
      "material": "f99f5353-97ed-11f0-a638-c4cbe12e39be",
      "punto_eca": "738aa6ff-a192-4268-a60f-67697d161818",
      "centro_acopio": null,
      "estado": "ACTIVO",
      "unidad_medida": "KG",
      "fecha_creacion": "2026-03-01T12:00:00Z",
      "fecha_modificacion": "2026-03-01T12:00:00Z"
    }
  },
  {
    "model": "inventory.inventario",
    "pk": "66666666-6666-6666-6666-666666666666",
    "fields": {
      "capacidad_maxima": "480.00",
      "precio_compra": "1600.00",
      "precio_venta": "2300.00",
      "stock_actual": "220.00",
      "umbral_alerta": 24,
      "umbral_critico": 10,
      "alerta": "OK",
      "material": "f997041b-97ed-11f0-a638-c4cbe12e39be",
      "punto_eca": "738aa6ff-a192-4268-a60f-67697d161818",
      "centro_acopio": null,
      "estado": "ACTIVO",
      "unidad_medida": "KG",
      "fecha_creacion": "2026-03-01T12:00:00Z",
      "fecha_modificacion": "2026-03-01T12:00:00Z"
    }
  },
  {
    "model": "inventory.inventario",
    "pk": "77777777-7777-7777-7777-777777777777",
    "fields": {
      "capacidad_maxima": "520.00",
      "precio_compra": "2100.00",
      "precio_venta": "3000.00",
      "stock_actual": "180.00",
      "umbral_alerta": 26,
      "umbral_critico": 10,
      "alerta": "OK",
      "material": "f9a60de0-97ed-11f0-a638-c4cbe12e39be",
      "punto_eca": "738aa6ff-a192-4268-a60f-67697d161818",
      "centro_acopio": null,
      "estado": "ACTIVO",
      "unidad_medida": "KG",
      "fecha_creacion": "2026-03-01T12:00:00Z",
      "fecha_modificacion": "2026-03-01T12:00:00Z"
    }
  },
  {
    "model": "inventory.inventario",
    "pk": "88888888-8888-8888-8888-888888888888",
    "fields": {
      "capacidad_maxima": "580.00",
      "precio_compra": "1050.00",
      "precio_venta": "1600.00",
      "stock_actual": "310.00",
      "umbral_alerta": 29,
      "umbral_critico": 13,
      "alerta": "OK",
      "material": "f9a7b726-97ed-11f0-a638-c4cbe12e39be",
      "punto_eca": "738aa6ff-a192-4268-a60f-67697d161818",
      "centro_acopio": null,
      "estado": "ACTIVO",
      "unidad_medida": "KG",
      "fecha_creacion": "2026-03-01T12:00:00Z",
      "fecha_modificacion": "2026-03-01T12:00:00Z"
    }
  },
  {
    "model": "inventory.inventario",
    "pk": "067ace72-b6d3-46ef-b5b6-0128a625329d",
    "fields": {
      "capacidad_maxima": "800.00",
      "precio_compra": "900.00",
      "precio_venta": "1600.00",
      "stock_actual": "300.00",
      "umbral_alerta": 30,
      "umbral_critico": 15,
      "alerta": "OK",
      "material": "f9a60de0-97ed-11f0-a638-c4cbe12e39be",
      "punto_eca": "9e6b1215-7f8c-4220-b7b3-06a1ff81841c",
      "centro_acopio": null,
      "estado": "ACTIVO",
      "unidad_medida": "KG",
      "fecha_creacion": "2026-03-01T12:00:00Z",
      "fecha_modificacion": "2026-03-01T12:00:00Z"
    }
  },
  {
    "model": "inventory.inventario",
    "pk": "0021b462-6da2-47dc-b1ac-8367b79a3a7e",
    "fields": {
      "capacidad_maxima": "300.00",
      "precio_compra": "400.00",
      "precio_venta": "900.00",
      "stock_actual": "120.00",
      "umbral_alerta": 20,
      "umbral_critico": 10,
      "alerta": "OK",
      "material": "f99d329a-97ed-11f0-a638-c4cbe12e39be",
      "punto_eca": "9e6b1215-7f8c-4220-b7b3-06a1ff81841c",
      "centro_acopio": null,
      "estado": "ACTIVO",
      "unidad_medida": "KG",
      "fecha_creacion": "2026-03-01T12:00:00Z",
      "fecha_modificacion": "2026-03-01T12:00:00Z"
    }
  },
  {
    "model": "operations.comprainventario",
    "pk": "11111111-0000-0000-0000-000000000001",
    "fields": {
      "inventario": "93f8750c-125b-418b-b2ef-dd2df60d47a9",
      "fecha_compra": "2026-03-01T10:00:00Z",
      "cantidad": "25.50",
      "precio_compra": "50.00",
      "observaciones": "Entrada de plástico de primera calidad",
      "estado": "ACTIVO",
      "fecha_creacion": "2026-03-01T12:00:00Z",
      "fecha_modificacion": "2026-03-01T12:00:00Z"
    }
  },
  {
    "model": "operations.comprainventario",
    "pk": "11111111-0000-0000-0000-000000000002",
    "fields": {
      "inventario": "11111111-1111-1111-1111-111111111111",
      "fecha_compra": "2026-03-01T10:00:00Z",
      "cantidad": "30.00",
      "precio_compra": "45.50",
      "observaciones": "Entrada de plástico transparente",
      "estado": "ACTIVO",
      "fecha_creacion": "2026-03-01T12:00:00Z",
      "fecha_modificacion": "2026-03-01T12:00:00Z"
    }
  },
  {
    "model": "operations.comprainventario",
    "pk": "11111111-0000-0000-0000-000000000003",
    "fields": {
      "inventario": "22222222-2222-2222-2222-222222222222",
      "fecha_compra": "2026-03-01T10:00:00Z",
      "cantidad": "20.00",
      "precio_compra": "48.00",
      "observaciones": "Entrada de plástico reciclado",
      "estado": "ACTIVO",
      "fecha_creacion": "2026-03-01T12:00:00Z",
      "fecha_modificacion": "2026-03-01T12:00:00Z"
    }
  },
  {
    "model": "operations.comprainventario",
    "pk": "11111111-0000-0000-0000-000000000004",
    "fields": {
      "inventario": "33333333-3333-3333-3333-333333333334",
      "fecha_compra": "2026-03-01T10:00:00Z",
      "cantidad": "15.75",
      "precio_compra": "30.00",
      "observaciones": "Entrada de vidrio transparente",
      "estado": "ACTIVO",
      "fecha_creacion": "2026-03-01T12:00:00Z",
      "fecha_modificacion": "2026-03-01T12:00:00Z"
    }
  },
  {
    "model": "operations.comprainventario",
    "pk": "11111111-0000-0000-0000-000000000005",
    "fields": {
      "inventario": "44444444-4444-4444-4444-444444444444",
      "fecha_compra": "2026-03-01T10:00:00Z",
      "cantidad": "18.50",
      "precio_compra": "32.00",
      "observaciones": "Entrada de vidrio verde",
      "estado": "ACTIVO",
      "fecha_creacion": "2026-03-01T12:00:00Z",
      "fecha_modificacion": "2026-03-01T12:00:00Z"
    }
  },
  {
    "model": "operations.comprainventario",
    "pk": "11111111-0000-0000-0000-000000000006",
    "fields": {
      "inventario": "55555555-5555-5555-5555-555555555555",
      "fecha_compra": "2026-03-01T10:00:00Z",
      "cantidad": "12.30",
      "precio_compra": "28.50",
      "observaciones": "Entrada de vidrio ámbar",
      "estado": "ACTIVO",
      "fecha_creacion": "2026-03-01T12:00:00Z",
      "fecha_modificacion": "2026-03-01T12:00:00Z"
    }
  },
  {
    "model": "operations.comprainventario",
    "pk": "11111111-0000-0000-0000-000000000007",
    "fields": {
      "inventario": "66666666-6666-6666-6666-666666666666",
      "fecha_compra": "2026-03-01T10:00:00Z",
      "cantidad": "22.75",
      "precio_compra": "15.00",
      "observaciones": "Entrada de cartón corrugado",
      "estado": "ACTIVO",
      "fecha_creacion": "2026-03-01T12:00:00Z",
      "fecha_modificacion": "2026-03-01T12:00:00Z"
    }
  },
  {
    "model": "operations.comprainventario",
    "pk": "11111111-0000-0000-0000-000000000008",
    "fields": {
      "inventario": "77777777-7777-7777-7777-777777777777",
      "fecha_compra": "2026-03-01T10:00:00Z",
      "cantidad": "18.20",
      "precio_compra": "14.50",
      "observaciones": "Entrada de cartón blanco",
      "estado": "ACTIVO",
      "fecha_creacion": "2026-03-01T12:00:00Z",
      "fecha_modificacion": "2026-03-01T12:00:00Z"
    }
  },
  {
    "model": "operations.comprainventario",
    "pk": "11111111-0000-0000-0000-000000000009",
    "fields": {
      "inventario": "88888888-8888-8888-8888-888888888888",
      "fecha_compra": "2026-03-01T10:00:00Z",
      "cantidad": "24.60",
      "precio_compra": "16.00",
      "observaciones": "Entrada de papel periódico",
      "estado": "ACTIVO",
      "fecha_creacion": "2026-03-01T12:00:00Z",
      "fecha_modificacion": "2026-03-01T12:00:00Z"
    }
  },
  {
    "model": "operations.comprainventario",
    "pk": "11111111-0000-0000-0000-000000000010",
    "fields": {
      "inventario": "067ace72-b6d3-46ef-b5b6-0128a625329d",
      "fecha_compra": "2026-03-01T10:00:00Z",
      "cantidad": "19.85",
      "precio_compra": "25.00",
      "observaciones": "Entrada de aluminio",
      "estado": "ACTIVO",
      "fecha_creacion": "2026-03-01T12:00:00Z",
      "fecha_modificacion": "2026-03-01T12:00:00Z"
    }
  },
  {
    "model": "operations.ventainventario",
    "pk": "22222222-0000-0000-0000-000000000001",
    "fields": {
      "inventario": "93f8750c-125b-418b-b2ef-dd2df60d47a9",
      "fecha_venta": "2026-03-01T11:00:00Z",
      "cantidad": "20.00",
      "precio_venta": "75.00",
      "centro_acopio": "b1c2d3e4-f5a6-47b9-c12d-cdef01234501",
      "observaciones": "Venta a planta de transformación",
      "estado": "ACTIVO",
      "fecha_creacion": "2026-03-01T12:00:00Z",
      "fecha_modificacion": "2026-03-01T12:00:00Z"
    }
  },
  {
    "model": "operations.ventainventario",
    "pk": "22222222-0000-0000-0000-000000000002",
    "fields": {
      "inventario": "11111111-1111-1111-1111-111111111111",
      "fecha_venta": "2026-03-01T11:00:00Z",
      "cantidad": "25.50",
      "precio_venta": "72.00",
      "centro_acopio": "b1c2d3e4-f5a6-47b9-c12d-cdef01234503",
      "observaciones": "Venta a centro de clasificación",
      "estado": "ACTIVO",
      "fecha_creacion": "2026-03-01T12:00:00Z",
      "fecha_modificacion": "2026-03-01T12:00:00Z"
    }
  },
  {
    "model": "operations.ventainventario",
    "pk": "22222222-0000-0000-0000-000000000003",
    "fields": {
      "inventario": "22222222-2222-2222-2222-222222222222",
      "fecha_venta": "2026-03-01T11:00:00Z",
      "cantidad": "18.75",
      "precio_venta": "70.00",
      "centro_acopio": "b1c2d3e4-f5a6-47b9-c12d-cdef01234502",
      "observaciones": "Venta a proveedor aliado",
      "estado": "ACTIVO",
      "fecha_creacion": "2026-03-01T12:00:00Z",
      "fecha_modificacion": "2026-03-01T12:00:00Z"
    }
  },
  {
    "model": "operations.ventainventario",
    "pk": "22222222-0000-0000-0000-000000000004",
    "fields": {
      "inventario": "33333333-3333-3333-3333-333333333334",
      "fecha_venta": "2026-03-01T11:00:00Z",
      "cantidad": "12.50",
      "precio_venta": "50.00",
      "centro_acopio": "b1c2d3e4-f5a6-47b9-c12d-cdef01234501",
      "observaciones": "Venta de vidrio procesado",
      "estado": "ACTIVO",
      "fecha_creacion": "2026-03-01T12:00:00Z",
      "fecha_modificacion": "2026-03-01T12:00:00Z"
    }
  },
  {
    "model": "operations.ventainventario",
    "pk": "22222222-0000-0000-0000-000000000005",
    "fields": {
      "inventario": "44444444-4444-4444-4444-444444444444",
      "fecha_venta": "2026-03-01T11:00:00Z",
      "cantidad": "16.20",
      "precio_venta": "48.00",
      "centro_acopio": "b1c2d3e4-f5a6-47b9-c12d-cdef01234503",
      "observaciones": "Venta de vidrio reciclado",
      "estado": "ACTIVO",
      "fecha_creacion": "2026-03-01T12:00:00Z",
      "fecha_modificacion": "2026-03-01T12:00:00Z"
    }
  },
  {
    "model": "operations.ventainventario",
    "pk": "22222222-0000-0000-0000-000000000006",
    "fields": {
      "inventario": "55555555-5555-5555-5555-555555555555",
      "fecha_venta": "2026-03-01T11:00:00Z",
      "cantidad": "14.85",
      "precio_venta": "52.00",
      "centro_acopio": "b1c2d3e4-f5a6-47b9-c12d-cdef01234502",
      "observaciones": "Venta de vidrio verde",
      "estado": "ACTIVO",
      "fecha_creacion": "2026-03-01T12:00:00Z",
      "fecha_modificacion": "2026-03-01T12:00:00Z"
    }
  },
  {
    "model": "operations.ventainventario",
    "pk": "22222222-0000-0000-0000-000000000007",
    "fields": {
      "inventario": "66666666-6666-6666-6666-666666666666",
      "fecha_venta": "2026-03-01T11:00:00Z",
      "cantidad": "21.50",
      "precio_venta": "30.00",
      "centro_acopio": "b1c2d3e4-f5a6-47b9-c12d-cdef01234501",
      "observaciones": "Venta de cartón procesado",
      "estado": "ACTIVO",
      "fecha_creacion": "2026-03-01T12:00:00Z",
      "fecha_modificacion": "2026-03-01T12:00:00Z"
    }
  },
  {
    "model": "operations.ventainventario",
    "pk": "22222222-0000-0000-0000-000000000008",
    "fields": {
      "inventario": "77777777-7777-7777-7777-777777777777",
      "fecha_venta": "2026-03-01T11:00:00Z",
      "cantidad": "19.80",
      "precio_venta": "28.00",
      "centro_acopio": "b1c2d3e4-f5a6-47b9-c12d-cdef01234503",
      "observaciones": "Venta de papel reciclado",
      "estado": "ACTIVO",
      "fecha_creacion": "2026-03-01T12:00:00Z",
      "fecha_modificacion": "2026-03-01T12:00:00Z"
    }
  },
  {
    "model": "operations.ventainventario",
    "pk": "22222222-0000-0000-0000-000000000009",
    "fields": {
      "inventario": "88888888-8888-8888-8888-888888888888",
      "fecha_venta": "2026-03-01T11:00:00Z",
      "cantidad": "26.75",
      "precio_venta": "32.00",
      "centro_acopio": "b1c2d3e4-f5a6-47b9-c12d-cdef01234502",
      "observaciones": "Venta de cartón a aliado",
      "estado": "ACTIVO",
      "fecha_creacion": "2026-03-01T12:00:00Z",
      "fecha_modificacion": "2026-03-01T12:00:00Z"
    }
  },
  {
    "model": "operations.ventainventario",
    "pk": "22222222-0000-0000-0000-000000000010",
    "fields": {
      "inventario": "067ace72-b6d3-46ef-b5b6-0128a625329d",
      "fecha_venta": "2026-03-01T11:00:00Z",
      "cantidad": "15.40",
      "precio_venta": "60.00",
      "centro_acopio": "b1c2d3e4-f5a6-47b9-c12d-cdef01234501",
      "observaciones": "Venta de aluminio",
      "estado": "ACTIVO",
      "fecha_creacion": "2026-03-01T12:00:00Z",
      "fecha_modificacion": "2026-03-01T12:00:00Z"
    }
  }
]
