-- Insert de información para la base de datos

-- Ciudades
INSERT INTO ciudades (id, nombre) VALUES
  (1, 'Bogotá');

-- Localidades
INSERT INTO localidades (id, ciudad_id, nombre) VALUES
  (1, 1, 'Usaquén'),
  (2, 1, 'Chapinero'),
  (3, 1, 'Santa Fe'),
  (4, 1, 'San Cristóbal'),
  (5, 1, 'Usme'),
  (6, 1, 'Tunjuelito'),
  (7, 1, 'Bosa'),
  (8, 1, 'Kennedy'),
  (9, 1, 'Fontibón'),
  (10, 1, 'Engativá'),
  (11, 1, 'Suba'),
  (12, 1, 'Barrios Unidos'),
  (13, 1, 'Teusaquillo'),
  (14, 1, 'Los Mártires'),
  (15, 1, 'Antonio Nariño'),
  (16, 1, 'Puente Aranda'),
  (17, 1, 'La Candelaria'),
  (18, 1, 'Rafael Uribe Uribe'),
  (19, 1, 'Ciudad Bolívar'),
  (20, 1, 'Sumapaz');

-- Usuarios (Gestores ECA, Administrador y Ciudadanos)
INSERT INTO usuarios
  (id, correo, contraseña, nombre, apellido, rol, creado) VALUES
-- Ciudadanos
(1, 'leonardoferrandez@yahoo.com', '45229067e46d43d910736', 'Lola', 'Amaya', 'Ciudadano', NOW()),
(2, 'timoteotirado@hotmail.com', 'c8d947cca08e72241887b', 'Julián', 'Girona', 'Ciudadano', NOW()),
(3, 'florluna@hotmail.com',      '80e2b1fc152ac2b14f5a8', 'Aránzazu', 'Camps',    'Ciudadano', NOW()),
(4, 'chelo46@corral-escudero.com','e9c8871202785836f72d6', 'Pepita',   'Rubio',    'Ciudadano', NOW()),
(5, 'palmira77@rosa.org',       '5569b1555ef478df9d4f6', 'Joel',     'Benet',    'Ciudadano', NOW()),
(6, 'gabriel25@batalla-heras.com','e13615c9364c25a7dc9af','Amanda',   'Egea',     'Ciudadano', NOW()),
(7, 'ipla@hotmail.com',         '5e73a64a242ff94dafb8e', 'Socorro',  'Acero',    'Ciudadano', NOW()),
(8, 'villegashumberto@manrique.es','cafbab10b4bcac3fb9f2a','Epifanio','Ortiz',    'Ciudadano', NOW()),
(9, 'rafaelagisbert@palacio-lopez.es','3d532f23ec814388ab423','Juan Francisco','Manjón','Ciudadano',NOW()),
(10,'rebollorafael@yahoo.com',   'd65a28dc3c87eaac61750','Melchor','Blazquez',       'Ciudadano', NOW()),

-- Gestores ECA
(11,'maria.perez@puntos.com',    'a1b2c3d4e5',           'María',  'Pérez',    'GestorECA', NOW()),
(12,'carlos.ramirez@puntos.com', 'b2c3d4e5f6',           'Carlos', 'Ramírez',  'GestorECA', NOW()),
(13,'ana.gomez@puntos.com',      'c3d4e5f678',           'Ana',    'Gómez',    'GestorECA', NOW()),
(14,'jorge.lopez@puntos.com',    'd4e5f67890',           'Jorge',  'López',    'GestorECA', NOW()),
(15,'luisa.martinez@puntos.com', 'e5f6789012',           'Luisa',  'Martínez', 'GestorECA', NOW()),
(16,'ricardo.gonzalez@puntos.com','f678901234',          'Ricardo','González','GestorECA', NOW()),
(17,'sofia.hernandez@puntos.com','6789012345',           'Sofía',  'Hernández','GestorECA', NOW()),
(18,'andres.diaz@puntos.com',    '7890123456',           'Andrés', 'Díaz',     'GestorECA', NOW()),
(19,'natalia.moreno@puntos.com', '8901234567',           'Natalia','Moreno',   'GestorECA', NOW()),
(20,'felipe.rodriguez@puntos.com','9012345678',          'Felipe', 'Rodríguez','GestorECA', NOW()),

-- Administradores
(21,'elian.melo@example.com',    'bed4d2d86627f3f6d7410','Elian',  'Melo',     'Administrador',NOW()),
(22,'andres.salas@example.com',  'b35d9c1728d08d82029e9','Andres', 'Salas',    'Administrador',NOW()),
(23,'jorge.barrera@example.com', 'c382389989ac6335e3653','Jorge',  'Barrera',  'Administrador',NOW());

-- Perfil ciudadano
INSERT INTO perfiles_ciudadano (usuario_id, edad, genero, ubicacion) VALUES
(1, 28, 'Femenino', 'Usaquén'),
(2, 35, 'Masculino','Chapinero'),
(3, 22, 'Femenino','Santa Fe'),
(4, 30, 'Femenino','San Cristóbal'),
(5, 41, 'Masculino','Usme'),
(6, 27, 'Femenino','Tunjuelito'),
(7, 33, 'Masculino','Bosa'),
(8, 29, 'Masculino','Kennedy'),
(9, 24, 'Masculino','Kennedy'),
(10,37, 'Masculino','Bosa');

-- Puntos ECA
INSERT INTO puntos_eca (id, gestor_id, nombre, descripcion, direccion, ciudad_id, localidad_id, latitud, longitud, correo, telefono) VALUES
  (1, 11, 'Recicladora y Chatarrería JJ',    'Estación de clasificación y aprovechamiento', 'Cra 7 #109-06 Sur',            1, 7, 4.6110, -74.1430, 'contacto@jjreciclaje.com',     '+57 300 123 4567'),
  (2, 12, 'Recicladora La Reina',            'Estación de clasificación y aprovechamiento', 'Cll 27I #71K-77 Sur',          1, 7, 4.6125, -74.1405, 'info@lareinarecicla.com',       '+57 310 234 5678'),
  (3, 13, 'Depósito Jonathan',              'Estación de clasificación y aprovechamiento', 'Cll 27I #71K-77 Sur',          1, 7, 4.6130, -74.1390, 'depositojonathan@gmail.com',    '+57 320 345 6789'),
  (4, 14, 'Chatarrería El Tolima',          'Estación de clasificación y aprovechamiento', 'TV 22 #69D-16 Sur',            1, 7, 4.6100, -74.1450, 'eltolima@chatarreria.com',      '+57 300 456 7890'),
  (5, 15, 'Recicladora GOF',                'Estación de clasificación y aprovechamiento', 'TV 22 #69D-16 Sur',            1, 7, 4.6095, -74.1445, 'gof.reciclaje@gmail.com',       '+57 310 567 8901'),
  (6, 16, 'Depósito Heidy',                 'Estación de clasificación y aprovechamiento', 'Cll 6 #16-44',                 1, 7, 4.6300, -74.1600, 'heidy.depositos@gmail.com',     '+57 320 678 9012'),
  (7, 17, 'Recicladora Superservicios Usme','Estación de clasificación y aprovechamiento', 'Av. Usme #1-12',               1, 5, 4.6010, -74.1500, 'usme@reciclajesbogota.com',     '+57 300 789 0123'),
  (8, 18, 'Depósito Mancera',               'Estación de clasificación y aprovechamiento', 'Cra 15A #7A-03',               1,12, 4.6400, -74.0800, 'mancera.deposito@gmail.com',    '+57 310 890 1234'),
  (9, 19, 'Chatarrería Sidenox',            'Estación de clasificación y aprovechamiento', 'Cra 16B #59-70 Sur',           1,12, 4.6390, -74.0790, 'sidenox@chatarreria.com',       '+57 320 901 2345'),
  (10,20,'Chatarrería Maye',               'Estación de clasificación y aprovechamiento', 'Cra 15D #76-07 Sur',           1, 7, 4.6135, -74.1425, 'maye.chatarreria@gmail.com',    '+57 300 012 3456');

-- Perfil de gestor ECA
INSERT INTO perfiles_punto_eca (usuario_id, punto_eca_id, imagen_perfil_url, telefono) VALUES
  (11, 1, 'https://randomuser.me/api/portraits/women/12.jpg', '+57 300 123 4567'),
  (12, 2, 'https://randomuser.me/api/portraits/men/23.jpg',   '+57 310 234 5678'),
  (13, 3, 'https://randomuser.me/api/portraits/women/34.jpg', '+57 320 345 6789'),
  (14, 4, 'https://randomuser.me/api/portraits/men/45.jpg',   '+57 300 456 7890'),
  (15, 5, 'https://randomuser.me/api/portraits/women/56.jpg', '+57 310 567 8901'),
  (16, 6, 'https://randomuser.me/api/portraits/men/67.jpg',   '+57 320 678 9012'),
  (17, 7, 'https://randomuser.me/api/portraits/women/78.jpg', '+57 300 789 0123'),
  (18, 8, 'https://randomuser.me/api/portraits/men/89.jpg',   '+57 310 890 1234'),
  (19, 9, 'https://randomuser.me/api/portraits/women/90.jpg', '+57 320 901 2345'),
  (20,10,'https://randomuser.me/api/portraits/men/11.jpg',    '+57 300 012 3456');

-- Materiales
INSERT INTO materiales (id, nombre, descripcion) VALUES
(1,  'Papel',                  'Papel de oficina, periódico y revistas limpios'),
(2,  'Cartón',                 'Cajas de cartón limpio'),
(3,  'Periódico',              'Periódico usado'),
(4,  'Revista',                'Revistas y catálogos'),
(5,  'Sobres',                 'Sobres de correspondencia'),
(6,  'Cartón ondulado',        'Cartón corrugado para embalaje'),
(7,  'Vidrio botellas',        'Botellas y frascos de vidrio limpios'),
(8,  'Vidrio plano',           'Vidrio de ventanas o frascos planos'),
(9,  'PET',                    'Botellas de plástico PET'),
(10, 'HDPE',                   'Envases de detergente, shampoo'),
(11, 'LDPE',                   'Bolsas plásticas, film'),
(12, 'PP',                     'Tapas, envases rígidos'),
(13, 'PS',                     'Vasos y platos desechables de poliestireno'),
(14, 'Aluminio',               'Latas de bebidas'),
(15, 'Acero',                  'Latas de conserva'),
(16, 'Cobre',                  'Cableado y tubería de cobre'),
(17, 'Hierro',                 'Metales ferrosos oxidados'),
(18, 'Tetra Pak',              'Envases combinados de líquidos'),
(19, 'Icopor (EPS)',           'Espuma de poliestireno limpia'),
(20, 'Papel aluminio',         'Láminas de aluminio limpias'),
(21, 'Copitos algodón',        'Palitos de algodón sin residuos'),
(22, 'Telas algodón',          'Ropa y trapos de algodón'),
(23, 'Telas sintéticas',       'Textiles sintéticos reciclables'),
(24, 'Madera limpia',          'Restos de madera natural'),
(25, 'Neumáticos',             'Neumáticos usados'),
(26, 'Escombros',              'Restos de construcción (cemento, ladrillo)'),
(27, 'Chatarra',               'Residuos metálicos diversos'),
(28, 'Ecoladrillo',            'Botellas rellenas con plásticos no reciclables'),
(29, 'Corcho',                 'Tapones de corcho natural'),
(30, 'CD/DVD',                 'Discos ópticos para reciclaje especial'),
(31, 'Electrodomésticos pequeños','Radios, planchas, juguetes electrónicos'),
(32, 'Muebles plásticos',      'Sillas y cajas plásticas'),
(33, 'Tapones plásticos',      'Tapas de botellas'),
(34, 'Envases cosméticos',     'Frascos de perfumes y cremas'),
(35, 'Frascos medicamentos',   'Botellas de medicina vacías'),
(36, 'Botellas alcohol',       'Envases de licor vacíos'),
(37, 'Aceite cocina usado',    'Aceite vegetal para biodiésel'),
(38, 'Tanques plástico',       'Bidones plásticos limpios'),
(39, 'PVC',                    'Tubos de PVC limpios'),
(40, 'Cintas adhesivas limpias','Rollo de cinta sin residuos'),
(41, 'Cartón para pizza',      'Cartón sucio apto para compost'),
(42, 'Orgánico alimento',      'Restos de comida para abono'),
(43, 'Cartón sucio',           'Cartón con residuos de comida'),
(44, 'Madera contrachapada',   'Madera tratada no reciclable'),
(45, 'Bolsas biodegradables',  'Plásticos compostables'),
(46, 'Fibras sintéticas',      'Textiles mezclados'),
(47, 'Hormigón reciclado',     'Hormigón triturado'),
(48, 'Tapas metálicas',        'Tapones metálicos de botellas'),
(49, 'Botes pintura secos',    'Envases de pintura vacíos'),
(50, 'Escombros madera',       'Restos de madera y demolición');

-- Capacidad Material por Punto ECA
INSERT INTO capacidad_material_punto_eca (id, punto_eca_id, material_id, cantidad_actual, umbral_alerta) VALUES
(1,  1,  1, 1600.00, 80.00),
(2,  1,  7, 1125.00, 75.00),
(3,  1, 13,  840.00, 70.00),
(4,  1, 15,  650.00, 65.00),
(5,  1, 18, 1530.00, 85.00),
(6,  2,  2, 1280.00, 80.00),
(7,  2,  7,  980.00, 70.00),
(8,  2,  9,  975.00, 75.00),
(9,  2, 14,  660.00, 60.00),
(10, 2, 18, 1445.00, 85.00),
(11, 2, 22,  400.00, 50.00),
(12, 3,  1, 1980.00, 90.00),
(13, 3, 10,  600.00, 60.00),
(14, 3, 11,  495.00, 55.00),
(15, 3, 13, 1120.00, 70.00),
(16, 3, 21,  300.00, 50.00),
(17, 3, 24, 1440.00, 80.00),
(18, 4,  2, 1700.00, 85.00),
(19, 4,  8,  780.00, 65.00),
(20, 4, 13,  910.00, 70.00),
(21, 4, 15,  495.00, 55.00),
(22, 4, 20,  350.00, 50.00),
(23, 4, 25, 1200.00, 75.00),
(24, 5,  3, 1440.00, 80.00),
(25, 5,  7, 1125.00, 75.00),
(26, 5, 14,  780.00, 65.00),
(27, 5, 17,  450.00, 50.00),
(28, 5, 19,  360.00, 45.00),
(29, 6,  1, 1600.00, 85.00),
(30, 6,  9,  600.00, 60.00),
(31, 6, 11,  495.00, 55.00),
(32, 6, 13, 1120.00, 70.00),
(33, 6, 20,  350.00, 50.00),
(34, 6, 26, 1125.00, 80.00),
(35, 7,  2, 1520.00, 85.00),
(36, 7,  8,  780.00, 65.00),
(37, 7, 12,  660.00, 60.00),
(38, 7, 15,  450.00, 55.00),
(39, 7, 21,  270.00, 45.00),
(40, 8,  4, 1360.00, 80.00),
(41, 8,  7, 1120.00, 70.00),
(42, 8, 11,  495.00, 55.00),
(43, 8, 13, 1280.00, 75.00),
(44, 8, 18,  780.00, 65.00),
(45, 8, 23,  400.00, 50.00),
(46, 9,  2, 1440.00, 85.00),
(47, 9,  9,  780.00, 60.00),
(48, 9, 14,  660.00, 55.00),
(49, 9, 22,  315.00, 45.00),
(50, 9, 24, 1280.00, 80.00),
(51, 9, 27,  715.00, 65.00),
(52,10,  1, 1760.00, 90.00),
(53,10,  5, 1125.00, 75.00),
(54,10,  7, 1120.00, 70.00),
(55,10, 11,  495.00, 50.00),
(56,10, 26, 1360.00, 85.00),
(57,10, 29,  400.00, 45.00),
(58,10, 33,  600.00, 60.00);

-- Inventario
INSERT INTO inventario (id, punto_eca_id, material_id, cantidad, fecha_registro) VALUES
(1, 1, 1, 400.00,   NOW()),
(2, 1, 1, 350.00,   NOW()),
(3, 1, 1, 200.00,   NOW()),
(4, 1, 1, 150.00,   NOW()),
(5, 1, 7, 500.00,   NOW()),
(6, 1, 7, 450.00,   NOW()),
(7, 1, 7, 300.00,   NOW()),
(8, 1, 7, 250.00,   NOW()),
(9, 1, 13,350.00,   NOW()),
(10,1, 13,320.00,   NOW()),
(11,1, 13,200.00,   NOW()),
(12,1, 13,150.00,   NOW()),
(13,1, 15,200.00,   NOW()),
(14,1, 15,180.00,   NOW()),
(15,1, 15,120.00,   NOW()),
(16,1, 15,100.00,   NOW()),
(17,1, 18,600.00,   NOW()),
(18,1, 18,550.00,   NOW()),
(19,1, 18,300.00,   NOW()),
(20,1, 18,280.00,   NOW()),
(21,2,  2,450.00,   NOW()),
(22,2,  2,400.00,   NOW()),
(23,2,  2,200.00,   NOW()),
(24,2,  2,150.00,   NOW()),
(25,2,  7,500.00,   NOW()),
(26,2,  7,450.00,   NOW()),
(27,2,  7,300.00,   NOW()),
(28,2,  7,220.00,   NOW()),
(29,2,  9,300.00,   NOW()),
(30,2,  9,250.00,   NOW()),
(31,2,  9,160.00,   NOW()),
(32,2,  9,120.00,   NOW()),
(33,2,  14,250.00,  NOW()),
(34,2,  14,220.00,  NOW()),
(35,2,  14,120.00,  NOW()),
(36,2,  14,100.00,  NOW()),
(37,2,  18,400.00,  NOW()),
(38,2,  18,360.00,  NOW()),
(39,2,  18,250.00,  NOW()),
(40,2,  18,240.00,  NOW()),
(41,2,  22,200.00,  NOW()),
(42,2,  22,180.00,  NOW()),
(43,2,  22,100.00,  NOW()),
(44,2,  22,90.00,   NOW()),
(45,3,  1,600.00,   NOW()),
(46,3,  1,550.00,   NOW()),
(47,3,  1,300.00,   NOW()),
(48,3,  1,320.00,   NOW()),
(49,3,  10,250.00,  NOW()),
(50,3,  10,230.00,  NOW()),
(51,3,  10,150.00,  NOW()),
(52,3,  10,120.00,  NOW()),
(53,3,  11,200.00,  NOW()),
(54,3,  11,180.00,  NOW()),
(55,3,  11,100.00,  NOW()),
(56,3,  11,90.00,   NOW()),
(57,3,  13,300.00,  NOW()),
(58,3,  13,270.00,  NOW()),
(59,3,  13,200.00,  NOW()),
(60,3,  13,180.00,  NOW()),
(61,3,  21,150.00,  NOW()),
(62,3,  21,140.00,  NOW()),
(63,3,  21,100.00,  NOW()),
(64,3,  21,90.00,   NOW()),
(65,3,  24,400.00,  NOW()),
(66,3,  24,380.00,  NOW()),
(67,3,  24,200.00,  NOW()),
(68,3,  24,190.00,  NOW()),
(69,4,  2,550.00,   NOW()),
(70,4,  2,500.00,   NOW()),
(71,4,  2,300.00,   NOW()),
(72,4,  2,250.00,   NOW()),
(73,4,  8,300.00,   NOW()),
(74,4,  8,280.00,   NOW()),
(75,4,  8,150.00,   NOW()),
(76,4,  8,140.00,   NOW()),
(77,5,  3,600.00,   NOW()),
(78,5,  3,500.00,   NOW()),
(79,5,  3,400.00,   NOW()),
(80,5,  3,350.00,   NOW()),
(81,5,  7,450.00,   NOW()),
(82,5,  7,400.00,   NOW()),
(83,5,  7,300.00,   NOW()),
(84,5,  7,200.00,   NOW()),
(85,5,  14,250.00,  NOW()),
(86,5,  14,200.00,  NOW()),
(87,5,  14,150.00,  NOW()),
(88,5,  14,100.00,  NOW()),
(89,5,  17,200.00,	NULL),  -- exemple sin leido
(90,5,  19,250.00,  NOW()),
(91,5,  19,200.00,  NOW()),
(92,5,  19,150.00,  NOW()),
(93,6,  1,500.00,   NOW()),
(94,6,  1,450.00,   NOW()),
(95,6,  1,300.00,   NOW()),
(96,6,  1,250.00,   NOW()),
(97,6,  9,400.00,   NOW()),
(98,6,  9,350.00,   NOW()),
(99,6,  9,200.00,   NOW()),
(100,6, 9,150.00,   NOW()),
(101,6,11,300.00,   NOW()),
(102,6,11,250.00,   NOW()),
(103,6,11,150.00,   NOW()),
(104,6,11,120.00,   NOW()),
(105,6,13,350.00,   NOW()),
(106,6,13,300.00,   NOW()),
(107,6,13,200.00,   NOW()),
(108,6,13,180.00,   NOW()),
(109,6,20,200.00,   NOW()),
(110,6,20,180.00,   NOW()),
(111,6,20,120.00,   NOW()),
(112,6,20,100.00,   NOW()),
(113,6,26,400.00,   NOW()),
(114,6,26,350.00,   NOW()),
(115,6,26,200.00,   NOW()),
(116,6,26,150.00,   NOW()),
(117,7, 2,450.00,   NOW()),
(118,7, 2,400.00,   NOW()),
(119,7, 2,250.00,   NOW()),
(120,7, 2,200.00,   NOW()),
(121,7, 8,300.00,   NOW()),
(122,7, 8,280.00,   NOW()),
(123,7, 8,150.00,   NOW()),
(124,7, 8,140.00,   NOW()),
(125,7,12,250.00,   NOW()),
(126,7,12,230.00,   NOW()),
(127,7,12,150.00,   NOW()),
(128,7,12,130.00,   NOW()),
(129,7,15,200.00,   NOW()),
(130,7,15,180.00,   NOW()),
(131,7,15,120.00,   NOW()),
(132,7,15,100.00,   NOW()),
(133,7,21,150.00,   NOW()),
(134,7,21,140.00,   NOW()),
(135,7,21,100.00,   NOW()),
(136,7,21,90.00,    NOW()),
(137,8, 4,200.00,   NOW()),
(138,8, 4,180.00,   NOW()),
(139,8, 4,100.00,   NOW()),
(140,8, 4,90.00,    NOW()),
(141,8, 7,400.00,   NOW()),
(142,8, 7,360.00,   NOW()),
(143,8, 7,250.00,   NOW()),
(144,8, 7,240.00,   NOW()),
(145,8,11,300.00,   NOW()),
(146,8,11,270.00,   NOW()),
(147,8,11,150.00,   NOW()),
(148,8,11,130.00,   NOW()),
(149,8,13,350.00,   NOW()),
(150,8,13,320.00,   NOW()),
(151,8,13,200.00,   NOW()),
(152,8,13,180.00,   NOW()),
(153,8,18,400.00,   NOW()),
(154,8,18,360.00,   NOW()),
(155,8,18,250.00,   NOW()),
(156,8,18,240.00,   NOW()),
(157,8,23,300.00,   NOW()),
(158,8,23,270.00,   NOW()),
(159,8,23,150.00,   NOW()),
(160,8,23,130.00,   NOW()),
(161,9, 2,500.00,   NOW()),
(162,9, 2,450.00,   NOW()),
(163,9, 2,300.00,   NOW()),
(164,9, 2,250.00,   NOW()),
(165,9, 9,400.00,   NOW()),
(166,9, 9,380.00,   NOW()),
(167,9, 9,200.00,   NOW()),
(168,9, 9,180.00,   NOW()),
(169,9,14,400.00,   NOW()),
(170,9,14,370.00,   NOW()),
(171,9,14,200.00,   NOW()),
(172,9,14,180.00,   NOW()),
(173,9,22,250.00,   NOW()),
(174,9,22,230.00,   NOW()),
(175,9,22,150.00,   NOW()),
(176,9,22,130.00,   NOW()),
(177,9,24,300.00,   NOW()),
(178,9,24,270.00,   NOW()),
(179,9,24,200.00,   NOW()),
(180,9,24,180.00,   NOW()),
(181,9,27,200.00,   NOW()),
(182,9,27,180.00,   NOW()),
(183,9,27,120.00,   NOW()),
(184,9,27,100.00,   NOW()),
(185,10,1,600.00,   NOW()),
(186,10,1,550.00,   NOW()),
(187,10,1,400.00,   NOW()),
(188,10,1,350.00,   NOW()),
(189,10,5,300.00,   NOW()),
(190,10,5,250.00,   NOW()),
(191,10,5,150.00,   NOW()),
(192,10,5,130.00,   NOW()),
(193,10,7,400.00,   NOW()),
(194,10,7,350.00,   NOW()),
(195,10,7,250.00,   NOW()),
(196,10,7,220.00,   NOW()),
(197,10,11,300.00,  NOW()),
(198,10,11,280.00,  NOW()),
(199,10,11,150.00,  NOW()),
(200,10,11,130.00,  NOW()),
(201,10,26,400.00,  NOW()),
(202,10,26,380.00,  NOW()),
(203,10,26,200.00,  NOW()),
(204,10,26,180.00,  NOW()),
(205,10,29,250.00,  NOW()),
(206,10,29,230.00,  NOW()),
(207,10,29,150.00,  NOW()),
(208,10,29,130.00,  NOW()),
(209,10,33,300.00,  NOW()),
(210,10,33,260.00,  NOW()),
(211,10,33,150.00,  NOW()),
(212,10,33,130.00,  NOW());

-- Tipos de publicación
INSERT INTO tipos_publicacion (id, nombre, descripcion) VALUES
  (1, 'Noticia',    'Actualidad y guías informativas sobre reciclaje'),
  (2, 'Evento',     'Jornadas y campañas de reciclaje en Bogotá'),
  (3, 'Consejo',    'Recomendaciones prácticas para reciclar'),
  (4, 'Infografía', 'Contenidos visuales informativos'),
  (5, 'Alerta',     'Advertencias y emergencias ambientales o sanitarias');

-- Publicaciones
INSERT INTO publicaciones
  (id, autor_id, tipo_id, titulo, resumen, cuerpo, enlace_url, publicado, creado, actualizado) VALUES
(1, 21, 1, 'Bogotá se transforma con el Día Mundial del Reciclaje',
  'La UAESP destaca la labor de más de 26.000 recicladores',
  'En el Día Mundial del Reciclaje, la UAESP reconoce a más de 26.000 recicladores de oficio que fortalecen la economía circular en Bogotá, con acciones como el piloto de rutas selectivas',
  NULL, '2025-05-17', NOW(), NOW()),
(2, 22, 1, 'Bogotá lanza nuevas rutas selectivas de recolección',
  'Piloto para 250.000 usuarios en alianza con recicladores',
  'Se implementa un plan piloto de rutas selectivas no exclusivas para 250.000 usuarios y 58 organizaciones de recicladores, fortaleciendo la separación en la fuente',
  NULL, '2025-05-17', NOW(), NOW()),
(3, 21, 2, 'Jornada de limpieza comunitaria en Chapinero',
  'Evento masivo por el medio ambiente',
  'Vecinos de Chapinero se unieron en una jornada de reciclaje este sábado, recolectando más de 2 toneladas de residuos y fomentando la cultura ambiental local.',
  NULL, '2025-06-10', NOW(), NOW()),
(4, 23, 2, 'Reciclatón de residuos electrónicos',
  'Campaña distrital para el RAEE',
  'Se llevará a cabo una jornada de recolección de residuos electrónicos en múltiples puntos de Bogotá, con el propósito de reducir el impacto ambiental y promover su adecuado manejo.',
  NULL, '2025-07-05', NOW(), NOW()),
(5, 22, 3, '5 consejos para separar residuos en el hogar',
  'Guía básica de separación en casa',
  'Siguiendo las recomendaciones de la UAESP, aprende a diferenciar residuos orgánicos, reciclables y especiales para mejorar la eficiencia del reciclaje.',
  NULL, '2025-06-01', NOW(), NOW()),
(6, 21, 3, 'Cómo reutilizar el cartón en proyectos creativos',
  'Ideas para manualidades sostenibles',
  'Convierte cajas de cartón en objetos útiles o decorativos: macetas, organizadores o juguetes, fomentando la creatividad y reducción de residuos.',
  NULL, '2025-06-05', NOW(), NOW()),
(7, 22, 4, 'Infografía: colores para separar residuos',
  'Guía visual descargable',
  'Identifica qué color corresponde a cada tipo de residuo en los contenedores establecidos por la ciudad.',
  'https://example.com/infografia-colores.png', '2025-06-07', NOW(), NOW()),
(8, 23, 4, 'Infografía: ciclo del plástico PET',
  'De la botella al nuevo producto',
  'Con esta infografía conocerás las etapas del reciclaje del PET, desde el contenedor hasta su reincorporación en productos nuevos.',
  'https://example.com/infografia-pet.png', '2025-06-08', NOW(), NOW()),
(9, 21, 5, 'Alerta: contaminación por relleno Doña Juana',
  'Impacto de residuos mal manejados',
  'Un estudio reciente detecta filtraciones de lixiviados al agua cercana al relleno Doña Juana, se recomienda separar correctamente los residuos.',
  NULL, '2025-05-20', NOW(), NOW()),
(10,23, 5, 'Alerta sanitaria: recolección de baterías',
  'Riesgos ante disposición inadecuada',
  'La Secretaría de Ambiente alerta sobre la entrega de baterías y RAEE en puntos autorizados para evitar contaminación y riesgos químicos.',
  NULL, '2025-06-02', NOW(), NOW());

-- Favoritos
INSERT INTO favoritos (id, usuario_id, publicacion_id, creado) VALUES
(1,  1,  2, NOW()),
(2,  1,  5, NOW()),
(3,  1,  9, NOW()),
(4,  2,  1, NOW()),
(5,  2,  4, NOW()),
(6,  2,  7, NOW()),
(7,  3,  2, NOW()),
(8,  3,  3, NOW()),
(9,  3,  8, NOW()),
(10, 4,  1, NOW()),
(11, 4,  5, NOW()),
(12, 4,  6, NOW()),
(13, 5,  3, NOW()),
(14, 5,  7, NOW()),
(15, 5, 10, NOW()),
(16, 6,  2, NOW()),
(17, 6,  5, NOW()),
(18, 6,  9, NOW()),
(19, 7,  1, NOW()),
(20, 7,  4, NOW()),
(21, 7,  8, NOW()),
(22, 8,  2, NOW()),
(23, 8,  6, NOW()),
(24, 8, 10, NOW()),
(25, 9,  3, NOW()),
(26, 9,  5, NOW()),
(27, 9,  9, NOW()),
(28,10,  1, NOW()),
(29,10,  4, NOW()),
(30,10,  7, NOW());

-- Comentarios
INSERT INTO comentarios
  (id, usuario_id, publicacion_id, punto_eca_id, contenido, creado) VALUES
(1,  1,  2, 1, 'Muy buena iniciativa, me gusta ver a la comunidad movilizada.', NOW()),
(2,  1,  5, 4, 'Excelente consejo para separar adecuadamente nuestros residuos.', NOW()),
(3,  2,  1, 2, 'Me pareció muy útil la información, gracias por compartir.', NOW()),
(4,  2,  4, 3, 'Me encanta la campaña de eventos, ¿cómo puedo participar?', NOW()),
(5,  3,  2, 2, 'Es muy importante destacar el trabajo de los recicladores.', NOW()),
(6,  3,  8, 5, 'La información visual es clara y práctica.', NOW()),
(7,  3,  7, 1, '¿Podrían compartir más recursos sobre este tema?', NOW()),
(8,  4,  1, 1, 'Felicitaciones a todos los recicladores que están siendo reconocidos.', NOW()),
(9,  4,  6, 2, 'Muy útil el artículo, me ayudó a entender mejor la separación.', NOW()),
(10, 5,  3, 4, 'Genial para crear proyectos en casa con cartón.', NOW()),
(11, 5,  7, 3, 'Gran idea gráfica para que todos aprendamos.', NOW()),
(12, 5, 10, 2, '¿Cómo se usa la infografía? ¿Se puede descargar?', NOW()),
(13, 6,  2, 5, 'Muy buena noticia para nuestra ciudad.', NOW()),
(14, 6,  5, 6, 'Gracias por los consejos de reciclaje en casa.', NOW()),
(15, 6,  9, 1, 'Este tipo de alertas deberían salir en más medios.', NOW()),
(16, 7,  1, 2, 'Gracias por el reconocimiento a los recicladores.', NOW()),
(17, 7,  4, 3, '¿Dónde puedo ver más eventos como este?', NOW()),
(18, 7,  8, 5, 'La infografía es muy clara, felicidades.', NOW()),
(19, 8,  2, 4, 'Me gustaría participar en estas jornadas.', NOW()),
(20, 8,  6, 5, 'Consejo muy práctico para mi hogar.', NOW()),
(21, 8, 10, 2, 'Importante alertar sobre la correcta disposición de residuos.', NOW()),
(22, 9,  3, 5, 'Ideas muy creativas, gracias por compartir.', NOW()),
(23, 9,  5, 2, 'Información valiosa, ojalá más personas la lean.', NOW()),
(24, 9,  9, 1, 'Estas campañas ayudan mucho a la comunidad.', NOW()),
(25,10,  1, 2, 'Un gran logro que el piloto incluya recicladores.', NOW()),
(26,10,  4, 3, '¿Habrá otra ciudad trabajando en esto también?', NOW()),
(27,10,  7, 5, 'Es indispensable estar informados sobre residuos especiales.', NOW());

-- Proveedores
INSERT INTO proveedores (id, nombre_entidad, nombre_contacto, telefono, correo) VALUES
(1, 'Reciclados Industriales de Colombia',   'Alejandro Vallejo', '601-350-4100',  'info@recicladosindustriales.co'),
(2, 'Recimetalcol SAS',                      'Gerencia',          '+57-350-4100100','info@recimetalcol.com'),
(3, 'Ecopositiva SAS',                       'María Giraldo',     '601-390-5789',  'm.giraldo@ecopositiva.com'),
(4, 'Green Plastic Colombia SAS',            'Gerencia',          '601-000-0000',  'contacto@greenplastic.co'),
(5, 'Plásticos y Maderas Reciclables SAS',   'Gerencia',          '601-840-0590',  'contactenos@pymreciclables.com'),
(6, 'Ecolcin SAS',                           'Consultoría Ambiental','601-368-9066','consultor@ecolcin.com'),
(7, 'ATICA S.A.S.',                          'Departamento Comercial','601-746-5644','contacto@atica.co'),
(8, 'Innova Ambiental',                      'Gerencia',          '601-000-0001',  'info@innovaambiental.com.co'),
(9, 'REciclene S.A.S.',                      'Gerencia',          '601-878-6771',  'contacto@reciclene.com'),
(10,'Recinco SAS',                           'Gerencia',          '601-000-0002',  'info@recincosas.com.co');

-- Materiales_Proveedor
INSERT INTO materiales_proveedor (proveedor_id, material_id) VALUES
(1,24),(1,26),(1,39),(1,27),(1,25),
(2,15),(2,14),(2,13),(2,2),(2,9),
(3,11),(3,8),(3,1),(3,10),
(4,9),(4,11),(4,10),(4,12),
(5,11),(5,10),(5,25),(5,32),
(6,37),(6,40),(6,25),
(7,9),(7,11),(7,37),(7,10),
(8,37),(8,40),(8,28),(8,31),
(9,11),(9,9),(9,1),(9,2),
(10,14),(10,15),(10,9),(10,1),(10,2);

-- Conversaciones
INSERT INTO conversaciones (id, usuario_eca_id, usuario_ciudadano_id, iniciado) VALUES
(1, 11, 1, NOW()),
(2, 12, 2, NOW()),
(3, 13, 3, NOW()),
(4, 14, 4, NOW()),
(5, 15, 5, NOW()),
(6, 16, 6, NOW()),
(7, 17, 7, NOW()),
(8, 18, 8, NOW()),
(9, 19, 9, NOW()),
(10,20,10, NOW());

-- Mensajes
INSERT INTO mensajes (id, conversacion_id, remitente_id, contenido, enviado, leido) VALUES
(1, 1,  1, 'Hola, me gustaría saber si puedo llevar pilas y baterías al punto.', NOW(), NULL),
(2, 1, 11, 'Claro, en nuestro punto sí aceptamos baterías. Trae las que tengas.', NOW(), NOW()),
(3, 2,  2, '¿Cuáles son los horarios del punto de Suba Centro?', NOW(), NULL),
(4, 2, 12, 'Nuestro horario es de lunes a sábado de 8:00am a 16:00pm.', NOW(), NOW()),
(5, 3,  3, 'Buenas, deseo información sobre el tipo de plástico que aceptan.', NOW(), NULL),
(6, 3, 13, 'Recibimos PET, HDPE y LDPE. Llévalos limpios por favor.', NOW(), NOW()),
(7, 4,  4, '¿Se requiere agendar para entrega de metal?', NOW(), NULL),
(8, 4, 14, 'No es necesario. Solo ven en el horario establecido.', NOW(), NOW()),
(9, 5,  5, '¿Aceptan vidrio plano o solo botellas?', NOW(), NULL),
(10,5, 15, 'Solo botellas de vidrio, no vidrios planos. Gracias.', NOW(), NOW()),
(11,6,  6, 'Hola, quisiera orientación sobre residuos especiales.', NOW(), NULL),
(12,6, 16, 'Solo recibimos reciclables comunes. Residuos especiales no.', NOW(), NOW()),
(13,7,  7, '¿El punto de Usme también recibe cartón?', NOW(), NULL),
(14,7, 17, 'Sí, recibimos cartón. Debe estar limpio y seco.', NOW(), NOW()),
(15,8,  8, 'Buenos días, ¿en qué dirección exacta están ubicados?', NOW(), NULL),
(16,8, 18, 'Estamos en Cra 15A #7A-03, Barrios Unidos.', NOW(), NOW()),
(17,9,  9, '¿Cuál es la tarifa por kilo de cobre en este punto?', NOW(), NULL),
(18,9, 19, 'Pagamos 30000 COP/kg por cobre. Te esperamos.', NOW(), NOW()),
(19,10,10, 'Gracias por su atención, ¿el punto estará abierto este fin de semana?', NOW(), NULL),
(20,10,20, 'Sí, abrimos el sábado hasta las 12 del mediodía.', NOW(), NOW());

-- Tipos de notificación
INSERT INTO tipos_notificacion (id, codigo, descripcion) VALUES
  (1, 'UMBRAL_SUPERADO',                   'Se ha superado el umbral de almacenamiento'),
  (2, 'RECOLECCION_PROGRAMADA',            'Se ha programado una recolección'),
  (3, 'RECOLECCION_NO_ASIGNADA_PENDIENTE', 'Recolección pendiente sin asignar'),
  (4, 'NUEVO_COMENTARIO_ECA',              'Nuevo comentario en un punto ECA'),
  (5, 'MENSAJE_CIUDADANO',                 'Nuevo mensaje de un ciudadano'),
  (6, 'NUEVA_PUBLICACION',                 'Se ha publicado nuevo contenido');

-- Notificaciones
INSERT INTO notificaciones (id, usuario_id, tipo_id, referencia_id, enviado, leido) VALUES
  -- Nuevas publicaciones
  (1,  1, 6,  2, NOW(), NULL),
  (2,  3, 6,  1, NOW(), NOW()),
  (3,  5, 6,  3, NOW(), NULL),
  (4,  6, 6,  5, NOW(), NOW()),
  (5,  8, 6,  8, NOW(), NULL),
  (6, 10, 6,  9, NOW(), NOW()),
  -- Alertas de inventario
  (7,  1, 1,  1, NOW(), NULL),
  (8,  3, 1, 17, NOW(), NOW()),
  (9,  5, 1, 28, NOW(), NULL),
  (10, 6, 1, 34, NOW(), NOW()),
  (11, 8, 1, 45, NOW(), NULL),
  (12,10, 1, 55, NOW(), NOW());
