# /* =========================================================
#    LIMPIAR DATOS DUPLICADOS - EJECUTAR PRIMERO
#    ========================================================= */
# -- Eliminar registros duplicados manteniendo solo el primero por ID
# DELETE FROM `venta_inventario` WHERE `venta_id` IN (
#     SELECT `venta_id` FROM (
#         SELECT `venta_id`, ROW_NUMBER() OVER (PARTITION BY `venta_id` ORDER BY `fecha_creacion` ASC) as rn
#         FROM `venta_inventario`
#     ) t WHERE t.rn > 1
# );
#
# DELETE FROM `compra_inventario` WHERE `compra_id` IN (
#     SELECT `compra_id` FROM (
#         SELECT `compra_id`, ROW_NUMBER() OVER (PARTITION BY `compra_id` ORDER BY `fecha_creacion` ASC) as rn
#         FROM `compra_inventario`
#     ) t WHERE t.rn > 1
# );
#
# DELETE FROM `inventario` WHERE `inventario_id` IN (
#     SELECT `inventario_id` FROM (
#         SELECT `inventario_id`, ROW_NUMBER() OVER (PARTITION BY `inventario_id` ORDER BY `fecha_creacion` ASC) as rn
#         FROM `inventario`
#     ) t WHERE t.rn > 1
# );
#
# DELETE FROM `centro_acopio` WHERE `cnt_acp_id` IN (
#     SELECT `cnt_acp_id` FROM (
#         SELECT `cnt_acp_id`, ROW_NUMBER() OVER (PARTITION BY `cnt_acp_id` ORDER BY `fecha_creacion` ASC) as rn
#         FROM `centro_acopio`
#     ) t WHERE t.rn > 1
# );
#
# DELETE FROM `punto_eca` WHERE `punto_eca_id` IN (
#     SELECT `punto_eca_id` FROM (
#         SELECT `punto_eca_id`, ROW_NUMBER() OVER (PARTITION BY `punto_eca_id` ORDER BY `fecha_creacion` ASC) as rn
#         FROM `punto_eca`
#     ) t WHERE t.rn > 1
# );
#
# DELETE FROM `material` WHERE `material_id` IN (
#     SELECT `material_id` FROM (
#         SELECT `material_id`, ROW_NUMBER() OVER (PARTITION BY `material_id` ORDER BY `fecha_creacion` ASC) as rn
#         FROM `material`
#     ) t WHERE t.rn > 1
# );
#
# DELETE FROM `categoria_material` WHERE `categoria_material_id` IN (
#     SELECT `categoria_material_id` FROM (
#         SELECT `categoria_material_id`, ROW_NUMBER() OVER (PARTITION BY `categoria_material_id` ORDER BY `fecha_creacion` ASC) as rn
#         FROM `categoria_material`
#     ) t WHERE t.rn > 1
# );
#
# DELETE FROM `tipo_material` WHERE `tipo_material_id` IN (
#     SELECT `tipo_material_id` FROM (
#         SELECT `tipo_material_id`, ROW_NUMBER() OVER (PARTITION BY `tipo_material_id` ORDER BY `fecha_creacion` ASC) as rn
#         FROM `tipo_material`
#     ) t WHERE t.rn > 1
# );

/* =========================================================
  LOCALIDAD - LOCALIDADES DE BOGOTÁ
  - 20 localidades oficiales del Distrito Capital
  ========================================================= */
INSERT IGNORE INTO `localidad` (
    `localidad_id`,
    `nombre`,
    `descripcion`
) VALUES
      ('a1b2c3d4-e5f6-47a9-b12d-cdef01234501', 'Usaquén', 'Localidad de Usaquén'),
      ('a1b2c3d4-e5f6-47a9-b12d-cdef01234502', 'Chapinero', 'Localidad de Chapinero'),
      ('a1b2c3d4-e5f6-47a9-b12d-cdef01234503', 'Santa Fe', 'Localidad de Santa Fe'),
      ('a1b2c3d4-e5f6-47a9-b12d-cdef01234504', 'San Cristóbal', 'Localidad de San Cristóbal'),
      ('a1b2c3d4-e5f6-47a9-b12d-cdef01234505', 'Usme', 'Localidad de Usme'),
      ('a1b2c3d4-e5f6-47a9-b12d-cdef01234506', 'Tunjuelito', 'Localidad de Tunjuelito'),
      ('a1b2c3d4-e5f6-47a9-b12d-cdef01234507', 'Bosa', 'Localidad de Bosa'),
      ('a1b2c3d4-e5f6-47a9-b12d-cdef01234508', 'Kennedy', 'Localidad de Kennedy'),
      ('a1b2c3d4-e5f6-47a9-b12d-cdef01234509', 'Fontibón', 'Localidad de Fontibón'),
      ('a1b2c3d4-e5f6-47a9-b12d-cdef0123450a', 'Engativá', 'Localidad de Engativá'),
      ('a1b2c3d4-e5f6-47a9-b12d-cdef0123450b', 'Suba', 'Localidad de Suba'),
      ('a1b2c3d4-e5f6-47a9-b12d-cdef0123450c', 'Barrios Unidos', 'Localidad de Barrios Unidos'),
      ('a1b2c3d4-e5f6-47a9-b12d-cdef0123450d', 'Teusaquillo', 'Localidad de Teusaquillo'),
      ('a1b2c3d4-e5f6-47a9-b12d-cdef0123450e', 'Los Mártires', 'Localidad de Los Mártires'),
      ('a1b2c3d4-e5f6-47a9-b12d-cdef0123450f', 'Antonio Nariño', 'Localidad de Antonio Nariño'),
      ('a1b2c3d4-e5f6-47a9-b12d-cdef01234510', 'Puente Aranda', 'Localidad de Puente Aranda'),
      ('a1b2c3d4-e5f6-47a9-b12d-cdef01234511', 'La Candelaria', 'Localidad de La Candelaria'),
      ('a1b2c3d4-e5f6-47a9-b12d-cdef01234512', 'Rafael Uribe Uribe', 'Localidad de Rafael Uribe Uribe'),
      ('a1b2c3d4-e5f6-47a9-b12d-cdef01234513', 'Ciudad Bolívar', 'Localidad de Ciudad Bolívar'),
      ('a1b2c3d4-e5f6-47a9-b12d-cdef01234514', 'Sumapaz', 'Localidad de Sumapaz');

/* =========================================================
  TIPO_MATERIAL
  - 3 tipos base + 10 tipos completos
  ========================================================= */
INSERT IGNORE INTO `tipo_material` (
    `fecha_actualizacion`,
    `fecha_creacion`,
    `nombre`,
    `tipo_material_id`,
    `descripcion`,
    `estado`
) VALUES
      -- Tipos base del ejemplo
      (NOW(), NOW(), 'Plástico PET', '9643d8d3-03fd-485d-b082-df5bdba6fa0c',
       'Plástico tipo PET de botellas y envases.', 'Activo'),
      (NOW(), NOW(), 'Papel Blanco', 'd81329db-24fe-4821-b1be-1854766c6cc0',
       'Papel blanco de oficina o cuadernos sin grapas.', 'Activo'),
      (NOW(), NOW(), 'Aluminio', 'd5a3bf03-402c-460c-b569-311217c1ab8e',
       'Latas y otros residuos de aluminio limpios.', 'Activo'),

      -- Tipos ampliados tomados de inforecicla.sql (adaptados)
      (NOW(), NOW(), 'Plástico', 'f9763c5a-97ed-11f0-a638-c4cbe12e39be',
       'Material polimérico reciclable usado en envases, empaques y objetos de uso común', 'Activo'),
      (NOW(), NOW(), 'Papel y Cartón', 'f9773e0a-97ed-11f0-a638-c4cbe12e39be',
       'Materiales fibrosos de origen vegetal reciclables, usados en empaques y escritura', 'Activo'),
      (NOW(), NOW(), 'Vidrio', 'f9781a33-97ed-11f0-a638-c4cbe12e39be',
       'Material inorgánico reciclable presente en botellas y frascos', 'Activo'),
      (NOW(), NOW(), 'Metales', 'f979766e-97ed-11f0-a638-c4cbe12e39be',
       'Materiales metálicos reciclables como aluminio, acero y otros férricos', 'Activo'),
      (NOW(), NOW(), 'Textiles', 'f97adc17-97ed-11f0-a638-c4cbe12e39be',
       'Materiales de fibras naturales o sintéticas reciclables y reutilizables', 'Activo'),
      (NOW(), NOW(), 'Madera', 'f97c035e-97ed-11f0-a638-c4cbe12e39be',
       'Material lignocelulósico reciclable y reutilizable en muebles y embalajes', 'Activo'),
      (NOW(), NOW(), 'Tetra Pak', 'f97cfc41-97ed-11f0-a638-c4cbe12e39be',
       'Envases multicapa compuestos de cartón, aluminio y plástico reciclables', 'Activo'),
      (NOW(), NOW(), 'RAEE', 'f97e0dab-97ed-11f0-a638-c4cbe12e39be',
       'Residuos de aparatos eléctricos y electrónicos reciclables en puntos autorizados', 'Activo'),
      (NOW(), NOW(), 'Orgánicos', 'f97f4b5d-97ed-11f0-a638-c4cbe12e39be',
       'Residuos biodegradables de origen vegetal o animal aptos para compostaje', 'Activo'),
      (NOW(), NOW(), 'Especiales', 'f9807198-97ed-11f0-a638-c4cbe12e39be',
       'Residuos de manejo especial como llantas y aceites usados', 'Activo');

/* =========================================================
   CATEGORIA_MATERIAL
   - 3 categorías base + todas las categorías detalladas
   ========================================================= */
INSERT IGNORE INTO `categoria_material` (
    `fecha_actualizacion`,
    `fecha_creacion`,
    `nombre`,
    `categoria_material_id`,
    `descripcion`,
    `estado`
) VALUES
      -- Categorías base del ejemplo
      (NOW(), NOW(), 'Envases Plásticos', '0bf0c497-64bd-4e9d-8e61-d97477bbaf01',
       'Residuos de envases plásticos como botellas y empaques domésticos.', 'Activo'),
      (NOW(), NOW(), 'Papel y Cartón', 'afd61604-1bb0-4382-96e8-71cb6acfd572',
       'Residuos de papel y cartón limpios y secos, aptos para reciclaje.', 'Activo'),
      (NOW(), NOW(), 'Metales', 'd3ab111a-4860-4438-b72c-3f793b5ff6c4',
       'Latas, chatarra liviana y otros metales reciclables.', 'Activo'),

      -- Categorías detalladas (adaptadas)
      (NOW(), NOW(), 'PET', 'f84d371e-97ed-11f0-a638-c4cbe12e39be',
       'Polietileno tereftalato, usado en botellas y envases', 'Activo'),
      (NOW(), NOW(), 'PEAD (HDPE)', 'f9558dd5-97ed-11f0-a638-c4cbe12e39be',
       'Polietileno de alta densidad, usado en envases de limpieza y garrafas', 'Activo'),
      (NOW(), NOW(), 'PVC', 'f956eeb1-97ed-11f0-a638-c4cbe12e39be',
       'Policloruro de vinilo, usado en tuberías y perfiles', 'Activo'),
      (NOW(), NOW(), 'PEBD (LDPE)', 'f9580b3b-97ed-11f0-a638-c4cbe12e39be',
       'Polietileno de baja densidad, usado en bolsas y films', 'Activo'),
      (NOW(), NOW(), 'PP', 'f9592284-97ed-11f0-a638-c4cbe12e39be',
       'Polipropileno, usado en tapas, envases de yogur y salsas', 'Activo'),
      (NOW(), NOW(), 'PS', 'f95a0f6a-97ed-11f0-a638-c4cbe12e39be',
       'Poliestireno, incluye icopor y empaques', 'Activo'),
      (NOW(), NOW(), 'Otros Plásticos', 'f95afc66-97ed-11f0-a638-c4cbe12e39be',
       'Otros polímeros no comunes en reciclaje', 'Activo'),
      (NOW(), NOW(), 'Cartón corrugado', 'f95c182a-97ed-11f0-a638-c4cbe12e39be',
       'Cajas corrugadas para embalaje', 'Activo'),
      (NOW(), NOW(), 'Cartón plegadizo', 'f95da2f4-97ed-11f0-a638-c4cbe12e39be',
       'Empaques de cartón delgado', 'Activo'),
      (NOW(), NOW(), 'Papel periódico', 'f95ed27b-97ed-11f0-a638-c4cbe12e39be',
       'Papel prensa, limpio y seco', 'Activo'),
      (NOW(), NOW(), 'Papel blanco (bond)', 'f95fb892-97ed-11f0-a638-c4cbe12e39be',
       'Hojas blancas de oficina', 'Activo'),
      (NOW(), NOW(), 'Revistas/mixtos', 'f960a77b-97ed-11f0-a638-c4cbe12e39be',
       'Revistas, catálogos y papeles mixtos', 'Activo'),
      (NOW(), NOW(), 'Transparente', 'f961bf79-97ed-11f0-a638-c4cbe12e39be',
       'Vidrio incoloro reciclable', 'Activo'),
      (NOW(), NOW(), 'Ámbar', 'f962a2e6-97ed-11f0-a638-c4cbe12e39be',
       'Vidrio color ámbar usado en botellas', 'Activo'),
      (NOW(), NOW(), 'Verde', 'f96444cd-97ed-11f0-a638-c4cbe12e39be',
       'Vidrio verde reciclable', 'Activo'),
      (NOW(), NOW(), 'Aluminio', 'f965ddd7-97ed-11f0-a638-c4cbe12e39be',
       'Latas y envases de aluminio reciclables', 'Activo'),
      (NOW(), NOW(), 'Acero/Hojalata', 'f966bbeb-97ed-11f0-a638-c4cbe12e39be',
       'Latas de conservas y envases de hojalata', 'Activo'),
      (NOW(), NOW(), 'Chatarra férrica', 'f967a7ed-97ed-11f0-a638-c4cbe12e39be',
       'Residuos metálicos férricos', 'Activo'),
      (NOW(), NOW(), 'Algodón', 'f9688235-97ed-11f0-a638-c4cbe12e39be',
       'Textiles de fibra natural reciclables', 'Activo'),
      (NOW(), NOW(), 'Poliéster', 'f9697461-97ed-11f0-a638-c4cbe12e39be',
       'Textiles de fibra sintética reciclables', 'Activo'),
      (NOW(), NOW(), 'Mezcla (mixtos)', 'f96a5212-97ed-11f0-a638-c4cbe12e39be',
       'Combinación de fibras textiles', 'Activo'),
      (NOW(), NOW(), 'Pallets', 'f96b3c02-97ed-11f0-a638-c4cbe12e39be',
       'Pallets de madera reutilizables o reciclables', 'Activo'),
      (NOW(), NOW(), 'Aglomerado/MDF', 'f96c3c45-97ed-11f0-a638-c4cbe12e39be',
       'Tableros de aglomerado o MDF reciclables', 'Activo'),
      (NOW(), NOW(), 'Envase multicapa', 'f96d0928-97ed-11f0-a638-c4cbe12e39be',
       'Envases Tetra Pak reciclables', 'Activo'),
      (NOW(), NOW(), 'Pequeños aparatos', 'f96e14db-97ed-11f0-a638-c4cbe12e39be',
       'Electrodomésticos pequeños fuera de uso', 'Activo'),
      (NOW(), NOW(), 'Grandes aparatos', 'f96f35ac-97ed-11f0-a638-c4cbe12e39be',
       'Electrodomésticos grandes fuera de uso', 'Activo'),
      (NOW(), NOW(), 'Periféricos/Accesorios', 'f9701a17-97ed-11f0-a638-c4cbe12e39be',
       'Accesorios electrónicos como teclados, ratones, cables', 'Activo'),
      (NOW(), NOW(), 'Pilas/Baterías', 'f9711af7-97ed-11f0-a638-c4cbe12e39be',
       'Pilas y baterías de diferentes tipos', 'Activo'),
      (NOW(), NOW(), 'Compostables', 'f972aad0-97ed-11f0-a638-c4cbe12e39be',
       'Residuos biodegradables para compostaje', 'Activo'),
      (NOW(), NOW(), 'Aceite de cocina usado', 'f9738c79-97ed-11f0-a638-c4cbe12e39be',
       'Aceite usado que requiere gestión especial', 'Activo'),
      (NOW(), NOW(), 'Llantas', 'f9751f8a-97ed-11f0-a638-c4cbe12e39be',
       'Neumáticos y llantas usadas reciclables', 'Activo');

/* =========================================================
   MATERIAL
   - 3 materiales base + todos los detallados
   ========================================================= */
INSERT IGNORE INTO `material` (
    `fecha_actualizacion`,
    `fecha_creacion`,
    `nombre`,
    `ctg_mt_id`,
    `material_id`,
    `tipo_mt_id`,
    `descripcion`,
    `imgen_url`,
    `estado`
) VALUES
      -- Base del ejemplo
      (NOW(), NOW(), 'Botellas PET transparentes',
       '0bf0c497-64bd-4e9d-8e61-d97477bbaf01',
       '90d4c292-a02c-447c-ab80-ed13b931ccde',
       '9643d8d3-03fd-485d-b082-df5bdba6fa0c',
       'Botellas y envases PET transparentes, enjuagados y sin tapa.',
       NULL,
       'Activo'),
      (NOW(), NOW(), 'Papel de oficina blanco',
       'afd61604-1bb0-4382-96e8-71cb6acfd572',
       'baa7d539-1662-454d-a25d-e48bb6e1b27e',
       'd81329db-24fe-4821-b1be-1854766c6cc0',
       'Hojas y resmas de papel blanco, sin clips ni anillos metálicos.',
       NULL,
       'Activo'),
      (NOW(), NOW(), 'Latas de bebida de aluminio',
       'd3ab111a-4860-4438-b72c-3f793b5ff6c4',
       '68aaf633-d250-4346-a780-5bd3ead7f0b4',
       'd5a3bf03-402c-460c-b569-311217c1ab8e',
       'Latas de bebidas y alimentos, limpias y aplastadas.',
       NULL,
       'Activo'),

      -- Materiales detallados adaptados
      (NOW(), NOW(), 'Cartón Mojado con Paja',
       'f95c182a-97ed-11f0-a638-c4cbe12e39be',
       '0199750c-af0e-70ef-b951-c581b4fe7d96',
       'f9773e0a-97ed-11f0-a638-c4cbe12e39be',
       'Cartón mojado con contenido de paja', NULL, 'Activo'),
      (NOW(), NOW(), 'Botella PET transparente',
       'f84d371e-97ed-11f0-a638-c4cbe12e39be',
       'f981963d-97ed-11f0-a638-c4cbe12e39be',
       'f9763c5a-97ed-11f0-a638-c4cbe12e39be',
       'Botella PET clara, enjuagada y sin etiqueta', NULL, 'Activo'),
      (NOW(), NOW(), 'Botella PET verde',
       'f84d371e-97ed-11f0-a638-c4cbe12e39be',
       'f984cdf5-97ed-11f0-a638-c4cbe12e39be',
       'f9763c5a-97ed-11f0-a638-c4cbe12e39be',
       'Botella PET verde, limpia y seca', NULL, 'Activo'),
      (NOW(), NOW(), 'Envase HDPE (detergente)',
       'f9558dd5-97ed-11f0-a638-c4cbe12e39be',
       'f986ae09-97ed-11f0-a638-c4cbe12e39be',
       'f9763c5a-97ed-11f0-a638-c4cbe12e39be',
       'Envase PEAD/HDPE de limpieza, sin residuos', NULL, 'Activo'),
      (NOW(), NOW(), 'Garrafa HDPE',
       'f9558dd5-97ed-11f0-a638-c4cbe12e39be',
       'f98977b1-97ed-11f0-a638-c4cbe12e39be',
       'f9763c5a-97ed-11f0-a638-c4cbe12e39be',
       'Garrafa de PEAD (aceite, agua), enjuagada', NULL, 'Activo'),
      (NOW(), NOW(), 'Bolsa LDPE',
       'f9580b3b-97ed-11f0-a638-c4cbe12e39be',
       'f98b672f-97ed-11f0-a638-c4cbe12e39be',
       'f9763c5a-97ed-11f0-a638-c4cbe12e39be',
       'Bolsa plástica flexible limpia (PEBD/LDPE)', NULL, 'Activo'),
      (NOW(), NOW(), 'Film stretch LDPE',
       'f9580b3b-97ed-11f0-a638-c4cbe12e39be',
       'f98cf80c-97ed-11f0-a638-c4cbe12e39be',
       'f9763c5a-97ed-11f0-a638-c4cbe12e39be',
       'Plástico film estirable limpio', NULL, 'Activo'),
      (NOW(), NOW(), 'Tapa PP',
       'f9592284-97ed-11f0-a638-c4cbe12e39be',
       'f98fb86d-97ed-11f0-a638-c4cbe12e39be',
       'f9763c5a-97ed-11f0-a638-c4cbe12e39be',
       'Tapa de envase de polipropileno', NULL, 'Activo'),
      (NOW(), NOW(), 'Envase PP alimentos',
       'f9592284-97ed-11f0-a638-c4cbe12e39be',
       'f991a139-97ed-11f0-a638-c4cbe12e39be',
       'f9763c5a-97ed-11f0-a638-c4cbe12e39be',
       'Envase de PP (yogur, salsas), limpio', NULL, 'Activo'),
      (NOW(), NOW(), 'Icopor (PS expandido)',
       'f95a0f6a-97ed-11f0-a638-c4cbe12e39be',
       'f9936cc7-97ed-11f0-a638-c4cbe12e39be',
       'f9763c5a-97ed-11f0-a638-c4cbe12e39be',
       'Bandejas o vasos de PS limpio (según gestor)', NULL, 'Activo'),
      (NOW(), NOW(), 'Tubos PVC',
       'f956eeb1-97ed-11f0-a638-c4cbe12e39be',
       'f99525aa-97ed-11f0-a638-c4cbe12e39be',
       'f9763c5a-97ed-11f0-a638-c4cbe12e39be',
       'Retales de PVC limpios (sin contaminantes)', NULL, 'Activo'),
      (NOW(), NOW(), 'Cartón',
       'f95c182a-97ed-11f0-a638-c4cbe12e39be',
       'f997041b-97ed-11f0-a638-c4cbe12e39be',
       'f9773e0a-97ed-11f0-a638-c4cbe12e39be',
       'Cajas plegadas, limpias y secas', NULL, 'Activo'),
      (NOW(), NOW(), 'Cartulina plegadizo',
       'f95da2f4-97ed-11f0-a638-c4cbe12e39be',
       'f998f2d9-97ed-11f0-a638-c4cbe12e39be',
       'f9773e0a-97ed-11f0-a638-c4cbe12e39be',
       'Empaques de cartón delgado, sin grasa', NULL, 'Activo'),
      (NOW(), NOW(), 'Papel periódico',
       'f95ed27b-97ed-11f0-a638-c4cbe12e39be',
       'f99b35bd-97ed-11f0-a638-c4cbe12e39be',
       'f9773e0a-97ed-11f0-a638-c4cbe12e39be',
       'Papel periódico limpio y seco', NULL, 'Activo'),
      (NOW(), NOW(), 'Papel bond blanco',
       'f95fb892-97ed-11f0-a638-c4cbe12e39be',
       'f99d329a-97ed-11f0-a638-c4cbe12e39be',
       'f9773e0a-97ed-11f0-a638-c4cbe12e39be',
       'Hojas blancas (sin clips, sin espiral)', NULL, 'Activo'),
      (NOW(), NOW(), 'Revistas y mixtos',
       'f960a77b-97ed-11f0-a638-c4cbe12e39be',
       'f99f5353-97ed-11f0-a638-c4cbe12e39be',
       'f9773e0a-97ed-11f0-a638-c4cbe12e39be',
       'Revistas, catálogos (sin plastificar excesivo)', NULL, 'Activo'),
      (NOW(), NOW(), 'Frasco vidrio transparente',
       'f961bf79-97ed-11f0-a638-c4cbe12e39be',
       'f9a13a49-97ed-11f0-a638-c4cbe12e39be',
       'f9781a33-97ed-11f0-a638-c4cbe12e39be',
       'Frascos/botellas claras, sin tapa, limpios', NULL, 'Activo'),
      (NOW(), NOW(), 'Frasco vidrio ámbar',
       'f962a2e6-97ed-11f0-a638-c4cbe12e39be',
       'f9a254a7-97ed-11f0-a638-c4cbe12e39be',
       'f9781a33-97ed-11f0-a638-c4cbe12e39be',
       'Envases color ámbar, limpios', NULL, 'Activo'),
      (NOW(), NOW(), 'Frasco vidrio verde',
       'f96444cd-97ed-11f0-a638-c4cbe12e39be',
       'f9a46885-97ed-11f0-a638-c4cbe12e39be',
       'f9781a33-97ed-11f0-a638-c4cbe12e39be',
       'Botellas/ frascos verdes, limpios', NULL, 'Activo'),
      (NOW(), NOW(), 'Lata de aluminio',
       'f965ddd7-97ed-11f0-a638-c4cbe12e39be',
       'f9a60de0-97ed-11f0-a638-c4cbe12e39be',
       'f979766e-97ed-11f0-a638-c4cbe12e39be',
       'Latas de bebidas aplastadas y limpias', NULL, 'Activo'),
      (NOW(), NOW(), 'Lata de acero/hojalata',
       'f966bbeb-97ed-11f0-a638-c4cbe12e39be',
       'f9a7b726-97ed-11f0-a638-c4cbe12e39be',
       'f979766e-97ed-11f0-a638-c4cbe12e39be',
       'Conservas, alimentos; limpias', NULL, 'Activo'),
      (NOW(), NOW(), 'Chatarra férrica',
       'f967a7ed-97ed-11f0-a638-c4cbe12e39be',
       'f9a98c0e-97ed-11f0-a638-c4cbe12e39be',
       'f979766e-97ed-11f0-a638-c4cbe12e39be',
       'Recortes y piezas ferrosas', NULL, 'Activo'),
      (NOW(), NOW(), 'Envase Tetra Pak',
       'f96d0928-97ed-11f0-a638-c4cbe12e39be',
       'f9ac1263-97ed-11f0-a638-c4cbe12e39be',
       'f97cfc41-97ed-11f0-a638-c4cbe12e39be',
       'Cajas de leche/jugos, enjuagadas y plegadas', NULL, 'Activo'),
      (NOW(), NOW(), 'Ropa de algodón',
       'f9688235-97ed-11f0-a638-c4cbe12e39be',
       'f9ad35d5-97ed-11f0-a638-c4cbe12e39be',
       'f97adc17-97ed-11f0-a638-c4cbe12e39be',
       'Textil de algodón reutilizable o reciclable', NULL, 'Activo'),
      (NOW(), NOW(), 'Ropa de poliéster',
       'f9697461-97ed-11f0-a638-c4cbe12e39be',
       'f9af1eb4-97ed-11f0-a638-c4cbe12e39be',
       'f97adc17-97ed-11f0-a638-c4cbe12e39be',
       'Textil sintético para valorización', NULL, 'Activo'),
      (NOW(), NOW(), 'Mezclas textiles',
       'f96a5212-97ed-11f0-a638-c4cbe12e39be',
       'f9b0f71a-97ed-11f0-a638-c4cbe12e39be',
       'f97adc17-97ed-11f0-a638-c4cbe12e39be',
       'Algodón/poliéster u otras mezclas', NULL, 'Activo'),
      (NOW(), NOW(), 'Pallet de madera',
       'f96b3c02-97ed-11f0-a638-c4cbe12e39be',
       'f9b2baa3-97ed-11f0-a638-c4cbe12e39be',
       'f97c035e-97ed-11f0-a638-c4cbe12e39be',
       'Pallets en buen estado para reuso/reciclaje', NULL, 'Activo'),
      (NOW(), NOW(), 'MDF/Aglomerado',
       'f96c3c45-97ed-11f0-a638-c4cbe12e39be',
       'f9b40f8d-97ed-11f0-a638-c4cbe12e39be',
       'f97c035e-97ed-11f0-a638-c4cbe12e39be',
       'Retales de aglomerado o MDF', NULL, 'Activo'),
      (NOW(), NOW(), 'Celular en desuso',
       'f96e14db-97ed-11f0-a638-c4cbe12e39be',
       'f9b57372-97ed-11f0-a638-c4cbe12e39be',
       'f97e0dab-97ed-11f0-a638-c4cbe12e39be',
       'Teléfonos para disposición en puntos RAEE', NULL, 'Activo'),
      (NOW(), NOW(), 'Teclado/Mouse',
       'f9701a17-97ed-11f0-a638-c4cbe12e39be',
       'f9b801e1-97ed-11f0-a638-c4cbe12e39be',
       'f97e0dab-97ed-11f0-a638-c4cbe12e39be',
       'Periféricos y accesorios electrónicos', NULL, 'Activo'),
      (NOW(), NOW(), 'Cargadores y cables',
       'f9701a17-97ed-11f0-a638-c4cbe12e39be',
       'f9ba4657-97ed-11f0-a638-c4cbe12e39be',
       'f97e0dab-97ed-11f0-a638-c4cbe12e39be',
       'Cables, cargadores y adaptadores', NULL, 'Activo'),
      (NOW(), NOW(), 'Laptop dañada',
       'f96f35ac-97ed-11f0-a638-c4cbe12e39be',
       'f9bc2c94-97ed-11f0-a638-c4cbe12e39be',
       'f97e0dab-97ed-11f0-a638-c4cbe12e39be',
       'Computadores portátiles fuera de uso', NULL, 'Activo'),
      (NOW(), NOW(), 'Pilas AA/AAA',
       'f9711af7-97ed-11f0-a638-c4cbe12e39be',
       'f9be6e57-97ed-11f0-a638-c4cbe12e39be',
       'f97e0dab-97ed-11f0-a638-c4cbe12e39be',
       'Pilas para puntos posconsumo autorizados', NULL, 'Activo'),
      (NOW(), NOW(), 'Botella retornable vidrio',
       'f961bf79-97ed-11f0-a638-c4cbe12e39be',
       'f9c0f45b-97ed-11f0-a638-c4cbe12e39be',
       'f9781a33-97ed-11f0-a638-c4cbe12e39be',
       'Retornable (consultar política del gestor)', NULL, 'Activo'),
      (NOW(), NOW(), 'Aceite de cocina usado (UCE)',
       'f9738c79-97ed-11f0-a638-c4cbe12e39be',
       'f9c29d31-97ed-11f0-a638-c4cbe12e39be',
       'f9807198-97ed-11f0-a638-c4cbe12e39be',
       'Almacenado en botella plástica cerrada', NULL, 'Activo'),
      (NOW(), NOW(), 'Llantas usadas',
       'f9751f8a-97ed-11f0-a638-c4cbe12e39be',
       'f9c43c0d-97ed-11f0-a638-c4cbe12e39be',
       'f9807198-97ed-11f0-a638-c4cbe12e39be',
       'Llantas enteras para programas de recolección', NULL, 'Activo'),
      (NOW(), NOW(), 'Orgánicos compostables',
       'f972aad0-97ed-11f0-a638-c4cbe12e39be',
       'f9c5f576-97ed-11f0-a638-c4cbe12e39be',
       'f97f4b5d-97ed-11f0-a638-c4cbe12e39be',
       'Restos de comida/jardín para compostaje', NULL, 'Activo');

/* =========================================================
   USUARIO (incluye GestorECA principal 3333...)
   ========================================================= */
INSERT IGNORE INTO `usuario` (
    `usuario_id`,
    `nombres`,
    `apellidos`,
    `password`,
    `tipo_usuario`,
    `tipo_documento`,
    `numero_documento`,
    `fecha_nacimiento`,
    `celular`,
    `email`,
    `ciudad`,
    `localidad_id`,
    `foto_perfil`,
    `biografia`,
    `latitud`,
    `longitud`,
    `estado`,
    `fecha_creacion`,
    `fecha_actualizacion`
) VALUES
      ('1d5437da-7bb7-4e77-b548-5633118c2b85',
       'Admin',
       'InfoRecicla',
       '$2y$10$92IXUNpkjO0rOQ5byMi.Ye4oKoEa3Ro9llC/.og/at2.uheWG/igi',
       'Admin',
       'CC',
       '900000001',
       NULL,
       '3000000000',
       'admin@inforecicla.org',
       'BOGOTA',
       'a1b2c3d4-e5f6-47a9-b12d-cdef01234501',
       NULL,
       'Cuenta administrativa principal del sistema InfoRecicla.',
       NULL,
       NULL,
       'Activo',
       NOW(),
       NOW()),

      ('33333333-3333-3333-3333-333333333333',
       'Laura',
       'García',
       '$2y$10$92IXUNpkjO0rOQ5byMi.Ye4oKoEa3Ro9llC/.og/at2.uheWG/igi',
       'GestorECA',
       'CC',
       '1020304050',
       '1990-06-18',
       '3011111111',
       'laura.garcia@inforecicla.org',
       'BOGOTA',
       'a1b2c3d4-e5f6-47a9-b12d-cdef01234506',
       NULL,
       'Gestora ECA responsable de los puntos de reciclaje del sur de Bogotá.',
       NULL,
       NULL,
       'Activo',
       NOW(),
       NOW()),

      ('61906cf2-122d-43f7-abbf-8baecfb396de',
       'Carlos',
       'Pérez',
       '$2y$10$92IXUNpkjO0rOQ5byMi.Ye4oKoEa3Ro9llC/.og/at2.uheWG/igi',
       'GestorECA',
       'CC',
       '1122334455',
       '1988-03-27',
       '3022222222',
       'carlos.perez@inforecicla.org',
       'BOGOTA',
       'a1b2c3d4-e5f6-47a9-b12d-cdef01234501',
       NULL,
       'Gestor ECA asignado a zonas del norte de la ciudad.',
       NULL,
       NULL,
       'Activo',
       NOW(),
       NOW()),

      ('43c85241-a584-4fd4-b168-cc654054fe8c',
       'Ana',
       'Rodríguez',
       '$2y$10$92IXUNpkjO0rOQ5byMi.Ye4oKoEa3Ro9llC/.og/at2.uheWG/igi',
       'Ciudadano',
       'CC',
       '1002003004',
       '1994-11-12',
       '3033333333',
       'ana.rodriguez@example.com',
       'BOGOTA',
       'a1b2c3d4-e5f6-47a9-b12d-cdef01234507',
       NULL,
       'Ciudadana que lleva sus residuos aprovechables a los puntos ECA cercanos.',
       NULL,
       NULL,
       'Activo',
       NOW(),
       NOW());

/* =========================================================
   PUNTO_ECA (principal asociado al GestorECA 3333...)
   ========================================================= */
INSERT IGNORE INTO `punto_eca` (
    `punto_ecaid`,
    `nombre_punto`,
    `descripcion`,
    `telefono_punto`,
    `direccion`,
    `logo_url_punto`,
    `foto_url_punto`,
    `celular_punto`,
    `email_punto`,
    `sitio_web_punto`,
    `horario_atencion_punto`,
    `ciudad`,
    `localidad_id`,
    `latitud`,
    `longitud`,
    `gestor_id`,
    `estado`,
    `fecha_creacion`,
    `fecha_actualizacion`
) VALUES
      ('738aa6ff-a192-4268-a60f-67697d161818',
       'Punto ECA La Alquería',
       'Punto ECA ubicado en zona residencial de Tunjuelito, recibe plásticos, papel, cartón y metales.',
       '6011234567',
       'Calle 38 Sur # 52-10',
       NULL,
       NULL,
       '3101111111',
       'eca.alqueria@inforecicla.org',
       NULL,
       'Lunes a sábado 08:00-17:00',
       'BOGOTA',
       'a1b2c3d4-e5f6-47a9-b12d-cdef01234506',
       4.5912,
       -74.1281,
       '33333333-3333-3333-3333-333333333333',
       'Activo',
       NOW(),
       NOW()),

      ('9e6b1215-7f8c-4220-b7b3-06a1ff81841c',
       'Punto ECA Usaquén Norte',
       'Punto ECA aliado en Usaquén, recibe principalmente papel, cartón y RAEE en jornadas programadas.',
       '6017654321',
       'Carrera 7 # 120-15',
       NULL,
       NULL,
       '3102222222',
       'eca.usaquen@inforecicla.org',
       'https://www.eca-usaquen.org',
       'Lunes a viernes 09:00-18:00',
       'BOGOTA',
       'a1b2c3d4-e5f6-47a9-b12d-cdef01234501',
       4.7125,
       -74.0369,
       '61906cf2-122d-43f7-abbf-8baecfb396de',
       'Activo',
       NOW(),
       NOW());

/* =========================================================
   CENTRO_ACOPIO
   ========================================================= */
INSERT IGNORE INTO `centro_acopio` (
    `centro_acopio_id`,
    `nombre_centro_acopio`,
    `tipo_centro_acopio`,
    `visibilidad`,
    `descripcion`,
    `nota`,
    `nombre_contacto_centro_acopio`,
    `punto_eca_id`,
    `celular_centro_acopio`,
    `email_centro_acopio`,
    `sitio_web_centro_copio`,
    `horario_atencion_centro_acopio`,
    `ciudad`,
    `localidad_id`,
    `latitud`,
    `longitud`,
    `estado`,
    `fecha_creacion`,
    `fecha_actualizacion`
) VALUES
      ('40bfa68b-0dee-42b1-9ac5-1cb005736ed5',
       'Centro de Acopio Sur',
       'PLANTA',
       'ECA',
       'Planta de acopio asociada al Punto ECA La Alquería. Recibe grandes volúmenes de material.',
       'Prioridad para materiales de puntos ECA del sur de Bogotá.',
       'María López',
       '738aa6ff-a192-4268-a60f-67697d161818',
       '3150000001',
       'centro.sur@inforecicla.org',
       'https://centro-sur.inforecicla.org',
       'Lunes a sábado 07:30-16:30',
       'BOGOTA',
       'a1b2c3d4-e5f6-47a9-b12d-cdef01234506',
       4.5920,
       -74.1290,
       'Activo',
       NOW(),
       NOW()),

      ('fbcbd7d4-a225-44bb-9738-c7ba50ee755f',
       'Centro Aliado Norte',
       'PROVEEDOR',
       'GLOBAL',
       'Centro aliado que compra material separado en fuente de diferentes Puntos ECA.',
       'Realiza pagos mensuales a los gestores aliados.',
       'Jorge Ramírez',
       '9e6b1215-7f8c-4220-b7b3-06a1ff81841c',
       '3150000002',
       'centro.norte@inforecicla.org',
       'https://centro-norte.inforecicla.org',
       'Lunes a viernes 08:00-17:30',
       'BOGOTA',
       'a1b2c3d4-e5f6-47a9-b12d-cdef01234501',
       4.7150,
       -74.0385,
       'Activo',
       NOW(),
       NOW());

/* =========================================================
   CENTRO_ACOPIO - 10 REGISTROS ADICIONALES
   5 asociados a usuario 33333333 (Punto ECA La Alquería)
   5 asociados a otros puntos
   ========================================================= */
INSERT IGNORE INTO `centro_acopio` (
    `centro_acopio_id`,
    `nombre_centro_acopio`,
    `tipo_centro_acopio`,
    `visibilidad`,
    `descripcion`,
    `nota`,
    `nombre_contacto_centro_acopio`,
    `punto_eca_id`,
    `celular_centro_acopio`,
    `email_centro_acopio`,
    `sitio_web_centro_copio`,
    `horario_atencion_centro_acopio`,
    `ciudad`,
    `localidad_id`,
    `latitud`,
    `longitud`,
    `estado`,
    `fecha_creacion`,
    `fecha_actualizacion`
) VALUES
      -- 5 ASOCIADOS A USUARIO 33333333 Y PUNTO ECA LA ALQUERÍA
      ('aaaaaaaa-1111-1111-1111-111111111111',
       'Centro de Clasificación Tunjuelito',
       'PLANTA',
       'ECA',
       'Centro de clasificación y separación en fuente para el Punto ECA La Alquería.',
       'Especializado en vidrio y plásticos de alta calidad.',
       'Juan Carlos Moreno',
       '738aa6ff-a192-4268-a60f-67697d161818',
       '3160000001',
       'clasificacion.tunjuelito@inforecicla.org',
       'https://clasificacion-tunjuelito.org',
       'Lunes a viernes 06:00-18:00',
       'BOGOTA',
       'a1b2c3d4-e5f6-47a9-b12d-cdef01234506',
       4.5925,
       -74.1275,
       'Activo',
       NOW(),
       NOW()),

      ('bbbbbbbb-2222-2222-2222-222222222222',
       'Centro de Acopio Secundario Sur',
       'PLANTA',
       'ECA',
       'Centro secundario para acopio de materiales complementarios del Punto La Alquería.',
       'Enfocado en cartón, papel y residuos especiales.',
       'Patricia Gómez',
       '738aa6ff-a192-4268-a60f-67697d161818',
       '3160000002',
       'acopio.secundario@inforecicla.org',
       'https://acopio-secundario.org',
       'Lunes a sábado 08:00-17:00',
       'BOGOTA',
       'a1b2c3d4-e5f6-47a9-b12d-cdef01234506',
       4.5935,
       -74.1300,
       'Activo',
       NOW(),
       NOW()),

      ('cccccccc-3333-3333-3333-333333333333',
       'Planta de Valorización Alquería',
       'PLANTA',
       'ECA',
       'Planta de valorización de residuos enlazada con el Punto ECA La Alquería.',
       'Realiza procesamiento intermedio de vidrio y plástico.',
       'Roberto Sánchez',
       '738aa6ff-a192-4268-a60f-67697d161818',
       '3160000003',
       'valorizacion.alqueria@inforecicla.org',
       'https://valorizacion-alqueria.org',
       'Lunes a viernes 07:00-16:30',
       'BOGOTA',
       'a1b2c3d4-e5f6-47a9-b12d-cdef01234506',
       4.5910,
       -74.1285,
       'Activo',
       NOW(),
       NOW()),

      ('dddddddd-4444-4444-4444-444444444444',
       'Centro de Procesamiento Metales Tunjuelito',
       'PLANTA',
       'ECA',
       'Especializado en procesamiento de metales ferrosos y aluminio del Punto La Alquería.',
       'Cuenta con maquinaria para compactación y clasificación de metales.',
       'Fernando López',
       '738aa6ff-a192-4268-a60f-67697d161818',
       '3160000004',
       'metales.tunjuelito@inforecicla.org',
       'https://metales-tunjuelito.org',
       'Lunes a viernes 06:30-17:00',
       'BOGOTA',
       'a1b2c3d4-e5f6-47a9-b12d-cdef01234506',
       4.5920,
       -74.1295,
       'Activo',
       NOW(),
       NOW()),

      ('eeeeeeee-5555-5555-5555-555555555555',
       'Centro Ambiental Sur Integral',
       'PROVEEDOR',
       'ECA',
       'Centro aliado integral que recibe todos los tipos de material del Punto ECA La Alquería.',
       'Realiza pagos diarios y mantiene buenas relaciones comerciales.',
       'Marcela Rodríguez',
       '738aa6ff-a192-4268-a60f-67697d161818',
       '3160000005',
       'ambiental.sur@inforecicla.org',
       'https://ambiental-sur-integral.org',
       'Lunes a domingo 07:00-19:00',
       'BOGOTA',
       'a1b2c3d4-e5f6-47a9-b12d-cdef01234506',
       4.5915,
       -74.1280,
       'Activo',
       NOW(),
       NOW()),

      -- 5 ASOCIADOS A OTROS PUNTOS ECA
      ('ffffffff-6666-6666-6666-666666666666',
       'Centro de Acopio Usaquén',
       'PLANTA',
       'ECA',
       'Centro de acopio aliado para el Punto ECA Usaquén Norte.',
       'Especializado en papel, cartón y RAEE de la zona norte.',
       'Antonio Vargas',
       '9e6b1215-7f8c-4220-b7b3-06a1ff81841c',
       '3170000001',
       'acopio.usaquen@inforecicla.org',
       'https://acopio-usaquen.org',
       'Lunes a sábado 08:00-17:00',
       'BOGOTA',
       'a1b2c3d4-e5f6-47a9-b12d-cdef01234501',
       4.7130,
       -74.0375,
       'Activo',
       NOW(),
       NOW()),

      ('gggggggg-7777-7777-7777-777777777777',
       'Centro de Procesamiento Vidrio Usaquén',
       'PLANTA',
       'GLOBAL',
       'Planta especializada en procesamiento de vidrio de diferentes colores.',
       'Sirve a múltiples puntos ECA incluyendo Usaquén.',
       'Claudia Martínez',
       '9e6b1215-7f8c-4220-b7b3-06a1ff81841c',
       '3170000002',
       'vidrio.usaquen@inforecicla.org',
       'https://vidrio-usaquen.org',
       'Lunes a viernes 07:00-16:30',
       'BOGOTA',
       'a1b2c3d4-e5f6-47a9-b12d-cdef01234501',
       4.7120,
       -74.0380,
       'Activo',
       NOW(),
       NOW()),

      ('hhhhhhhh-8888-8888-8888-888888888888',
       'Centro Regional Reciclaje Bogotá',
       'PROVEEDOR',
       'GLOBAL',
       'Gran centro regional que compra material de múltiples puntos ECA en Bogotá.',
       'Realiza pagos semanales y tiene certificaciones ambientales.',
       'Andrés Peña',
       '9e6b1215-7f8c-4220-b7b3-06a1ff81841c',
       '3170000003',
       'regional.bogota@inforecicla.org',
       'https://regional-reciclaje.org',
       'Lunes a viernes 08:00-17:30',
       'BOGOTA',
       'a1b2c3d4-e5f6-47a9-b12d-cdef01234501',
       4.7150,
       -74.0390,
       'Activo',
       NOW(),
       NOW()),

      ('iiiiiiii-9999-9999-9999-999999999999',
       'Centro de Almacenamiento Cartón Norte',
       'PLANTA',
       'ECA',
       'Centro intermedio especializado en almacenamiento de cartón y papel prensado.',
       'Capacidad de 500 toneladas mensuales de papel y cartón.',
       'Diego Flores',
       '9e6b1215-7f8c-4220-b7b3-06a1ff81841c',
       '3170000004',
       'carton.norte@inforecicla.org',
       'https://carton-norte.org',
       'Lunes a domingo 06:00-18:00',
       'BOGOTA',
       'a1b2c3d4-e5f6-47a9-b12d-cdef01234501',
       4.7140,
       -74.0370,
       'Activo',
       NOW(),
       NOW()),

      ('jjjjjjjj-aaaa-aaaa-aaaa-aaaaaaaaaaaa',
       'Centro de Transformación Plástico Usaquén',
       'PLANTA',
       'GLOBAL',
       'Centro especializado en transformación de plástico reciclado a pellets.',
       'Recibe material de varios centros ECA para procesamiento integral.',
       'Sofía Ramos',
       '9e6b1215-7f8c-4220-b7b3-06a1ff81841c',
       '3170000005',
       'plastico.usaquen@inforecicla.org',
       'https://transformacion-plastico.org',
       'Lunes a viernes 07:00-17:00',
       'BOGOTA',
       'a1b2c3d4-e5f6-47a9-b12d-cdef01234501',
       4.7125,
       -74.0385,
       'Activo',
       NOW(),
       NOW());

/* =========================================================
   INVENTARIO
   ========================================================= */
INSERT IGNORE INTO `inventario` (
    `capacidad_maxima`,
    `precio_compra`,
    `precio_venta`,
    `stock_actual`,
    `umbral_alerta`,
    `umbral_critico`,
    `fecha_actualizacion`,
    `fecha_creacion`,
    `inventario_id`,
    `material_id`,
    `punto_id`,
    `estado`,
    `unidad_medida`
) VALUES
      (500.00, 1500.00, 2100.00, 250.00, 25, 10,
       NOW(), NOW(),
       '93f8750c-125b-418b-b2ef-dd2df60d47a9',
       'f981963d-97ed-11f0-a638-c4cbe12e39be',
       '738aa6ff-a192-4268-a60f-67697d161818',
       'Activo', 'KG'),

      (600.00, 1200.00, 1900.00, 180.00, 30, 12,
       NOW(), NOW(),
       '11111111-1111-1111-1111-111111111111',
       'f9a13a49-97ed-11f0-a638-c4cbe12e39be',
       '738aa6ff-a192-4268-a60f-67697d161818',
       'Activo', 'KG'),

      (400.00, 1100.00, 1700.00, 150.00, 20, 8,
       NOW(), NOW(),
       '22222222-2222-2222-2222-222222222222',
       'f9a254a7-97ed-11f0-a638-c4cbe12e39be',
       '738aa6ff-a192-4268-a60f-67697d161818',
       'Activo', 'KG'),

      (700.00, 950.00, 1450.00, 320.00, 35, 15,
       NOW(), NOW(),
       '33333333-3333-3333-3333-333333333334',
       'f9a46885-97ed-11f0-a638-c4cbe12e39be',
       '738aa6ff-a192-4268-a60f-67697d161818',
       'Activo', 'KG'),

      (550.00, 1400.00, 2000.00, 280.00, 28, 11,
       NOW(), NOW(),
       '44444444-4444-4444-4444-444444444444',
       'f99d329a-97ed-11f0-a638-c4cbe12e39be',
       '738aa6ff-a192-4268-a60f-67697d161818',
       'Activo', 'KG'),

      (650.00, 800.00, 1300.00, 290.00, 32, 14,
       NOW(), NOW(),
       '55555555-5555-5555-5555-555555555555',
       'f99f5353-97ed-11f0-a638-c4cbe12e39be',
       '738aa6ff-a192-4268-a60f-67697d161818',
       'Activo', 'KG'),

      (480.00, 1600.00, 2300.00, 220.00, 24, 10,
       NOW(), NOW(),
       '66666666-6666-6666-6666-666666666666',
       'f997041b-97ed-11f0-a638-c4cbe12e39be',
       '738aa6ff-a192-4268-a60f-67697d161818',
       'Activo', 'KG'),

      (520.00, 2100.00, 3000.00, 180.00, 26, 10,
       NOW(), NOW(),
       '77777777-7777-7777-7777-777777777777',
       'f9a60de0-97ed-11f0-a638-c4cbe12e39be',
       '738aa6ff-a192-4268-a60f-67697d161818',
       'Activo', 'KG'),

      (580.00, 1050.00, 1600.00, 310.00, 29, 13,
       NOW(), NOW(),
       '88888888-8888-8888-8888-888888888888',
       'f9a7b726-97ed-11f0-a638-c4cbe12e39be',
       '738aa6ff-a192-4268-a60f-67697d161818',
       'Activo', 'KG'),

      (800.00, 900.00, 1600.00, 300.00, 30, 15,
       NOW(), NOW(),
       '067ace72-b6d3-46ef-b5b6-0128a625329d',
       'f9a60de0-97ed-11f0-a638-c4cbe12e39be',
       '738aa6ff-a192-4268-a60f-67697d161818',
       'Activo', 'KG'),

      (300.00, 400.00, 900.00, 120.00, 20, 10,
       NOW(), NOW(),
       '0021b462-6da2-47dc-b1ac-8367b79a3a7e',
       'f99d329a-97ed-11f0-a638-c4cbe12e39be',
       '9e6b1215-7f8c-4220-b7b3-06a1ff81841c',
       'Activo', 'KG');
/* =========================================================
   COMPRA_INVENTARIO - Registros de entrada de materiales
   ========================================================= */
INSERT IGNORE INTO `compra_inventario` (
    `compra_id`,
    `inventario_id`,
    `fecha_compra`,
    `cantidad`,
    `precio_compra`,
    `observaciones`,
    `estado`,
    `fecha_creacion`,
    `fecha_actualizacion`
) VALUES
      ('11111111-0000-0000-0000-000000000001',
       '93f8750c-125b-418b-b2ef-dd2df60d47a9',
       NOW(),
       25.50,
       50.00,
       'Entrada de plástico de primera calidad',
       'Activo',
       NOW(),
       NOW()),
      ('11111111-0000-0000-0000-000000000002',
       '11111111-1111-1111-1111-111111111111',
       DATE_SUB(NOW(), INTERVAL 3 DAY),
       30.00,
       45.50,
       'Entrada de plástico transparente',
       'Activo',
       DATE_SUB(NOW(), INTERVAL 3 DAY),
       DATE_SUB(NOW(), INTERVAL 3 DAY)),
      ('11111111-0000-0000-0000-000000000003',
       '22222222-2222-2222-2222-222222222222',
       DATE_SUB(NOW(), INTERVAL 7 DAY),
       20.00,
       48.00,
       'Entrada de plástico reciclado',
       'Activo',
       DATE_SUB(NOW(), INTERVAL 7 DAY),
       DATE_SUB(NOW(), INTERVAL 7 DAY)),
      ('11111111-0000-0000-0000-000000000004',
       '33333333-3333-3333-3333-333333333334',
       NOW(),
       15.75,
       30.00,
       'Entrada de vidrio transparente',
       'Activo',
       NOW(),
       NOW()),
      ('11111111-0000-0000-0000-000000000005',
       '44444444-4444-4444-4444-444444444444',
       DATE_SUB(NOW(), INTERVAL 2 DAY),
       18.50,
       32.00,
       'Entrada de vidrio verde',
       'Activo',
       DATE_SUB(NOW(), INTERVAL 2 DAY),
       DATE_SUB(NOW(), INTERVAL 2 DAY)),
      ('11111111-0000-0000-0000-000000000006',
       '55555555-5555-5555-5555-555555555555',
       DATE_SUB(NOW(), INTERVAL 5 DAY),
       12.30,
       28.50,
       'Entrada de vidrio ámbar',
       'Activo',
       DATE_SUB(NOW(), INTERVAL 5 DAY),
       DATE_SUB(NOW(), INTERVAL 5 DAY)),
      ('11111111-0000-0000-0000-000000000007',
       '66666666-6666-6666-6666-666666666666',
       NOW(),
       22.75,
       15.00,
       'Entrada de cartón corrugado',
       'Activo',
       NOW(),
       NOW()),
      ('11111111-0000-0000-0000-000000000008',
       '77777777-7777-7777-7777-777777777777',
       DATE_SUB(NOW(), INTERVAL 4 DAY),
       18.20,
       14.50,
       'Entrada de cartón blanco',
       'Activo',
       DATE_SUB(NOW(), INTERVAL 4 DAY),
       DATE_SUB(NOW(), INTERVAL 4 DAY)),
      ('11111111-0000-0000-0000-000000000009',
       '88888888-8888-8888-8888-888888888888',
       DATE_SUB(NOW(), INTERVAL 6 DAY),
       24.60,
       16.00,
       'Entrada de papel periódico',
       'Activo',
       DATE_SUB(NOW(), INTERVAL 6 DAY),
       DATE_SUB(NOW(), INTERVAL 6 DAY)),
      ('11111111-0000-0000-0000-000000000010',
       '067ace72-b6d3-46ef-b5b6-0128a625329d',
       NOW(),
       19.85,
       25.00,
       'Entrada de aluminio',
       'Activo',
       NOW(),
       NOW());
/* =========================================================
   VENTA_INVENTARIO - Registros de salida de materiales
   ========================================================= */
INSERT IGNORE INTO `venta_inventario` (
    `venta_id`,
    `inventario_id`,
    `fecha_venta`,
    `cantidad`,
    `precio_venta`,
    `centro_acopio_id`,
    `observaciones`,
    `estado`,
    `fecha_creacion`,
    `fecha_actualizacion`
) VALUES
      ('22222222-0000-0000-0000-000000000001',
       '93f8750c-125b-418b-b2ef-dd2df60d47a9',
       NOW(),
       20.00,
       75.00,
       '40bfa68b-0dee-42b1-9ac5-1cb005736ed5',
       'Venta a planta de transformación',
       'Activo',
       NOW(),
       NOW()),
      ('22222222-0000-0000-0000-000000000002',
       '11111111-1111-1111-1111-111111111111',
       DATE_SUB(NOW(), INTERVAL 2 DAY),
       25.50,
       72.00,
       'aaaaaaaa-1111-1111-1111-111111111111',
       'Venta a centro de clasificación',
       'Activo',
       DATE_SUB(NOW(), INTERVAL 2 DAY),
       DATE_SUB(NOW(), INTERVAL 2 DAY)),
      ('22222222-0000-0000-0000-000000000003',
       '22222222-2222-2222-2222-222222222222',
       DATE_SUB(NOW(), INTERVAL 5 DAY),
       18.75,
       70.00,
       'fbcbd7d4-a225-44bb-9738-c7ba50ee755f',
       'Venta a proveedor aliado',
       'Activo',
       DATE_SUB(NOW(), INTERVAL 5 DAY),
       DATE_SUB(NOW(), INTERVAL 5 DAY)),
      ('22222222-0000-0000-0000-000000000004',
       '33333333-3333-3333-3333-333333333334',
       NOW(),
       12.50,
       50.00,
       '40bfa68b-0dee-42b1-9ac5-1cb005736ed5',
       'Venta de vidrio procesado',
       'Activo',
       NOW(),
       NOW()),
      ('22222222-0000-0000-0000-000000000005',
       '44444444-4444-4444-4444-444444444444',
       DATE_SUB(NOW(), INTERVAL 3 DAY),
       16.20,
       48.00,
       'aaaaaaaa-1111-1111-1111-111111111111',
       'Venta de vidrio reciclado',
       'Activo',
       DATE_SUB(NOW(), INTERVAL 3 DAY),
       DATE_SUB(NOW(), INTERVAL 3 DAY)),
      ('22222222-0000-0000-0000-000000000006',
       '55555555-5555-5555-5555-555555555555',
       DATE_SUB(NOW(), INTERVAL 4 DAY),
       14.85,
       52.00,
       'fbcbd7d4-a225-44bb-9738-c7ba50ee755f',
       'Venta de vidrio verde',
       'Activo',
       DATE_SUB(NOW(), INTERVAL 4 DAY),
       DATE_SUB(NOW(), INTERVAL 4 DAY)),
      ('22222222-0000-0000-0000-000000000007',
       '66666666-6666-6666-6666-666666666666',
       NOW(),
       21.50,
       30.00,
       '40bfa68b-0dee-42b1-9ac5-1cb005736ed5',
       'Venta de cartón procesado',
       'Activo',
       NOW(),
       NOW()),
      ('22222222-0000-0000-0000-000000000008',
       '77777777-7777-7777-7777-777777777777',
       DATE_SUB(NOW(), INTERVAL 1 DAY),
       19.80,
       28.00,
       'aaaaaaaa-1111-1111-1111-111111111111',
       'Venta de papel reciclado',
       'Activo',
       DATE_SUB(NOW(), INTERVAL 1 DAY),
       DATE_SUB(NOW(), INTERVAL 1 DAY)),
      ('22222222-0000-0000-0000-000000000009',
       '88888888-8888-8888-8888-888888888888',
       DATE_SUB(NOW(), INTERVAL 6 DAY),
       26.75,
       32.00,
       'fbcbd7d4-a225-44bb-9738-c7ba50ee755f',
       'Venta de cartón a aliado',
       'Activo',
       DATE_SUB(NOW(), INTERVAL 6 DAY),
       DATE_SUB(NOW(), INTERVAL 6 DAY)),
      ('22222222-0000-0000-0000-000000000010',
       '067ace72-b6d3-46ef-b5b6-0128a625329d',
       NOW(),
       15.40,
       60.00,
       '40bfa68b-0dee-42b1-9ac5-1cb005736ed5',
       'Venta de aluminio',
       'Activo',
       NOW(),
       NOW());
